{"type": "FeatureCollection", "features": [{"type": "Feature", "properties": {"name": "Outerbelt Trail (segment 8)", "surface": "asphalt", "distance": "15.2 mi", "network": "foot"}, "geometry": {"type": "MultiLineString", "coordinates": [[[-87.916485, 42.2761136], [-87.9168013, 42.2761898], [-87.9171232, 42.2762176], [-87.9172658, 42.2762044], [-87.9174236, 42.2761898], [-87.917783, 42.2760548], [-87.9179493, 42.2759715], [-87.9179332, 42.2758603], [-87.9178206, 42.2757849], [-87.917732, 42.2758327]], [[-87.9151884, 42.276283], [-87.9152855, 42.2762603], [-87.9153874, 42.2762523], [-87.9155966, 42.2762484], [-87.9159024, 42.2762325], [-87.9161062, 42.2762444], [-87.9162725, 42.2762206], [-87.9164013, 42.2761769], [-87.916485, 42.2761136]], [[-87.9148393, 42.2787442], [-87.9148594, 42.278726], [-87.9149238, 42.2786268], [-87.9149721, 42.2784839], [-87.9149935, 42.2783847], [-87.9149828, 42.2782894], [-87.9149077, 42.2780116], [-87.9148862, 42.2779005], [-87.9149077, 42.2777655], [-87.9149345, 42.2776226], [-87.9149828, 42.2774004], [-87.9150042, 42.27719], [-87.9150203, 42.2770828], [-87.9149989, 42.2769558], [-87.914956, 42.276805], [-87.9148755, 42.276682], [-87.9148701, 42.2765748], [-87.9149184, 42.2764914], [-87.9150537, 42.2764], [-87.9151189, 42.2763185], [-87.9151591, 42.2763169], [-87.9151884, 42.276283]], [[-87.9148393, 42.2787442], [-87.914854, 42.2788292], [-87.9148755, 42.2790793], [-87.9149184, 42.2792777], [-87.914897, 42.2795437], [-87.9148486, 42.2799087]], [[-87.9171031, 42.2799098], [-87.9170583, 42.279908], [-87.9169497, 42.2799021]], [[-87.9169497, 42.2799021], [-87.9167634, 42.2798905], [-87.9165106, 42.2798919], [-87.9148486, 42.2799087], [-87.9147397, 42.2799108], [-87.912725, 42.2799188], [-87.9121746, 42.279987], [-87.9115301, 42.2799677], [-87.9113644, 42.2799352], [-87.9110978, 42.2799278], [-87.9101537, 42.2799468], [-87.9099149, 42.2799956]], [[-87.9099149, 42.2799956], [-87.9097727, 42.2799956], [-87.9096467, 42.2799946], [-87.9095564, 42.2799906]], [[-87.9095564, 42.2799906], [-87.9095112, 42.2799886], [-87.9094414, 42.2799666], [-87.9092782, 42.2799151], [-87.9090551, 42.2799151], [-87.9084199, 42.2799278], [-87.9076904, 42.2799151], [-87.9068149, 42.2799024], [-87.9062141, 42.279896], [-87.9054845, 42.279896]], [[-87.9054845, 42.279896], [-87.9052925, 42.2798849], [-87.9051697, 42.2798778]], [[-87.9051697, 42.2798778], [-87.9050468, 42.2798706], [-87.9042228, 42.2798325], [-87.9030727, 42.2797944], [-87.9008732, 42.2797862], [-87.9007038, 42.2797944], [-87.9003448, 42.2798338], [-87.9002174, 42.2798358], [-87.9000873, 42.2798343]], [[-87.9327164, 42.2805284], [-87.9325769, 42.2805205], [-87.9321906, 42.2805125], [-87.9308405, 42.280373], [-87.9294415, 42.2802523], [-87.9264451, 42.279988], [-87.9262743, 42.2799729], [-87.9251413, 42.279903], [-87.9250661, 42.2798967]], [[-87.9250661, 42.2798967], [-87.9249125, 42.279891], [-87.9247226, 42.279884]], [[-87.9247226, 42.279884], [-87.9246435, 42.279884], [-87.9244289, 42.2799157], [-87.9240513, 42.279903], [-87.9228754, 42.2798713], [-87.9223331, 42.27988], [-87.9220858, 42.279884], [-87.919734, 42.2798903], [-87.9182143, 42.279907], [-87.9174166, 42.2799157], [-87.9171296, 42.2799104], [-87.9171031, 42.2799098]], [[-87.9000873, 42.2798343], [-87.8994596, 42.2798269]], [[-87.8994596, 42.2798269], [-87.89897, 42.2798198], [-87.8987035, 42.2798172]], [[-87.8987035, 42.2798172], [-87.8984945, 42.2798152]], [[-87.8984945, 42.2798152], [-87.8970215, 42.2798011]], [[-87.8970215, 42.2798011], [-87.8966393, 42.2797932]], [[-87.8966393, 42.2797932], [-87.8955301, 42.2797814]], [[-87.8955301, 42.2797814], [-87.8954174, 42.2797803]], [[-87.8954174, 42.2797803], [-87.8950992, 42.2797769], [-87.8945727, 42.2797713]], [[-87.8945727, 42.2797713], [-87.8941998, 42.2797664]], [[-87.8941998, 42.2797664], [-87.8933783, 42.2797664]], [[-87.8933783, 42.2797664], [-87.8933763, 42.2797259], [-87.8933328, 42.2797071], [-87.8933286, 42.2796821], [-87.8933362, 42.2796669], [-87.8933456, 42.2796465], [-87.8933476, 42.279621], [-87.8933378, 42.2796046], [-87.8933251, 42.2795843], [-87.8933275, 42.2795573]], [[-87.8933275, 42.2795573], [-87.893451, 42.2795446], [-87.8935178, 42.2795293], [-87.8935721, 42.2794964], [-87.8936122, 42.2794599], [-87.8936424, 42.2794141], [-87.8936573, 42.2793611], [-87.8936447, 42.2793178], [-87.8936138, 42.2792854], [-87.8935644, 42.2792505], [-87.8935132, 42.2792009], [-87.8934767, 42.2791629], [-87.8934438, 42.2791006], [-87.8934325, 42.2790576], [-87.8934283, 42.2790146], [-87.8934436, 42.2788905], [-87.8934541, 42.2787359], [-87.8934516, 42.2786282], [-87.8934557, 42.2785412], [-87.8934486, 42.2784746], [-87.893431, 42.2784275], [-87.8934083, 42.2783818], [-87.8933938, 42.2783381], [-87.8933925, 42.278296], [-87.8934003, 42.278259], [-87.8934229, 42.2782057], [-87.8934905, 42.2781137], [-87.8935247, 42.2780637], [-87.8935413, 42.2780094], [-87.893531, 42.277833], [-87.8935387, 42.2777457], [-87.8935849, 42.2776128], [-87.8935875, 42.277535], [-87.8935567, 42.2774686], [-87.8935208, 42.2773718], [-87.8934951, 42.2772826], [-87.8934669, 42.2772105], [-87.8934105, 42.2770188], [-87.8933028, 42.2767683], [-87.8932694, 42.2766924], [-87.8932412, 42.2766146], [-87.8932027, 42.276514], [-87.8932053, 42.2764343], [-87.8932104, 42.2762426], [-87.8932335, 42.2760756], [-87.8932848, 42.2758574], [-87.893313, 42.2757397], [-87.8933771, 42.2756524], [-87.8935208, 42.2755253], [-87.8936721, 42.2754057], [-87.8937721, 42.2752786], [-87.8939055, 42.2751571], [-87.8939465, 42.2750793], [-87.8939465, 42.2750015], [-87.8939029, 42.274861], [-87.8938234, 42.2747016], [-87.893808, 42.2746523], [-87.8938209, 42.2745897], [-87.8938722, 42.2744511], [-87.8938773, 42.2743999], [-87.8938593, 42.2743619], [-87.8937516, 42.2742253], [-87.8937337, 42.2741854], [-87.8937131, 42.2741304], [-87.8937131, 42.2740848], [-87.8936849, 42.2740184], [-87.8936336, 42.2739311], [-87.8935952, 42.2738533], [-87.8935567, 42.2737736], [-87.8935233, 42.2736825], [-87.89349, 42.2736047], [-87.8934566, 42.2735269], [-87.8933874, 42.2733807], [-87.8933643, 42.2733352], [-87.8933515, 42.2732536], [-87.8933515, 42.2731093], [-87.8933335, 42.2729803], [-87.8933002, 42.2728436], [-87.8932412, 42.2727696], [-87.8931463, 42.2726387], [-87.8931232, 42.2725646], [-87.8931207, 42.2724925], [-87.893154, 42.2724052], [-87.8932181, 42.2723312], [-87.893331, 42.2721813], [-87.8933464, 42.2721414], [-87.8933464, 42.2720674], [-87.8933105, 42.2720067], [-87.8932361, 42.2718719], [-87.8932156, 42.2718264], [-87.893213, 42.2717675], [-87.8932232, 42.2715967], [-87.8932181, 42.2715436], [-87.8931822, 42.2715075], [-87.8930796, 42.2713822], [-87.8930258, 42.2713044], [-87.8930206, 42.2712684], [-87.8930283, 42.2712133], [-87.893113, 42.2710748], [-87.8932104, 42.2709286], [-87.8933592, 42.2708186], [-87.8935028, 42.2706838], [-87.8935233, 42.2706117], [-87.8934951, 42.2705187], [-87.8933387, 42.2703877], [-87.8933002, 42.2703232], [-87.8932745, 42.2702473], [-87.8931976, 42.2699075], [-87.8931566, 42.2697842], [-87.8931207, 42.2696874], [-87.8930642, 42.2695242], [-87.8929898, 42.2693799], [-87.8928975, 42.2692395], [-87.892777, 42.2691446], [-87.8926051, 42.2690724], [-87.8923743, 42.2690155], [-87.892187, 42.2690079], [-87.8919485, 42.2690117], [-87.8916074, 42.269044], [-87.8913842, 42.2690573], [-87.891215, 42.2690307], [-87.8910149, 42.2689718], [-87.8908174, 42.2688921], [-87.8906481, 42.2687631], [-87.8905378, 42.268634], [-87.8903942, 42.2684024], [-87.8901762, 42.2680058], [-87.8900172, 42.2677116], [-87.8898838, 42.2674914], [-87.8897786, 42.2673187], [-87.8896889, 42.2671915], [-87.8895709, 42.2670757], [-87.8894426, 42.266941], [-87.8892862, 42.2667948], [-87.8891554, 42.2667018], [-87.8890246, 42.2666183], [-87.8888732, 42.2665443], [-87.8887552, 42.266531], [-87.8886373, 42.2665291], [-87.8885603, 42.2665234], [-87.8885064, 42.2665006], [-87.8884731, 42.2664513], [-87.8884475, 42.2663867], [-87.8884731, 42.2663127], [-87.888552, 42.2662362]], [[-87.888552, 42.2662362], [-87.8886732, 42.2661343]], [[-87.8886732, 42.2661343], [-87.8887142, 42.2661001], [-87.8889373, 42.2659483], [-87.8891169, 42.2658344], [-87.8891836, 42.2657642], [-87.8892169, 42.2656825], [-87.8892092, 42.2656389], [-87.8891631, 42.2655838], [-87.8890784, 42.2655079], [-87.8888399, 42.2653864], [-87.8887655, 42.2653428], [-87.8887245, 42.2652972], [-87.8887014, 42.2652517], [-87.888686, 42.2651909], [-87.8887091, 42.2651378], [-87.8888168, 42.2650296], [-87.8889399, 42.2648758], [-87.8890271, 42.2647752], [-87.8890605, 42.2647069], [-87.8890733, 42.2646329], [-87.8890553, 42.2645171], [-87.8890297, 42.2643026], [-87.8890271, 42.2641147], [-87.8890451, 42.2638565], [-87.8890271, 42.2636269], [-87.8890297, 42.2635604], [-87.8890553, 42.2634959], [-87.8894093, 42.2628581], [-87.8894426, 42.2627803], [-87.8894708, 42.2626854], [-87.8894703, 42.2625906], [-87.8894324, 42.262505], [-87.8893734, 42.2624082], [-87.8893375, 42.2623475], [-87.8893118, 42.2622621], [-87.8893452, 42.2621615], [-87.8893965, 42.2620495], [-87.889458, 42.2619546], [-87.8895093, 42.2618559]], [[-87.8895093, 42.2618559], [-87.889576, 42.2617268]], [[-87.889576, 42.2617268], [-87.8896529, 42.2615806], [-87.8896658, 42.2615028], [-87.8896606, 42.2614477], [-87.8896504, 42.2614049], [-87.8896259, 42.2613625], [-87.8895757, 42.2613185], [-87.8894767, 42.2612741], [-87.8894038, 42.2612695], [-87.8893426, 42.2612788], [-87.8892144, 42.2613092], [-87.8890989, 42.2613604], [-87.8890015, 42.2614041]], [[-87.8890015, 42.2614041], [-87.8888373, 42.2614705]], [[-87.8888373, 42.2614705], [-87.8886373, 42.2615256], [-87.8883756, 42.2615977], [-87.8880884, 42.2616281], [-87.8878319, 42.2616205], [-87.8875061, 42.2615958], [-87.8873035, 42.2615294], [-87.8871368, 42.2614326], [-87.8870291, 42.2613168], [-87.8869393, 42.2612219], [-87.8868316, 42.2611478], [-87.8867187, 42.2611402], [-87.8865546, 42.2611763], [-87.886434, 42.2612427], [-87.886293, 42.2613111], [-87.8861468, 42.2613547], [-87.8860288, 42.2613471], [-87.8858569, 42.2612864], [-87.8856543, 42.2611573], [-87.8855594, 42.2610187], [-87.8855799, 42.2608251], [-87.8856312, 42.2606752], [-87.8856312, 42.2606144], [-87.8856004, 42.2605385], [-87.8855209, 42.2604265], [-87.8854106, 42.260324], [-87.8852055, 42.2601513], [-87.8851619, 42.2600734], [-87.8851542, 42.259969], [-87.8851824, 42.2598627], [-87.885285, 42.259521], [-87.8852875, 42.2594299], [-87.8852593, 42.2593198], [-87.8851721, 42.259204], [-87.885008, 42.2590332], [-87.8846925, 42.2587655], [-87.8845104, 42.2586687], [-87.8842616, 42.2586098], [-87.8839487, 42.2585301], [-87.8838256, 42.2584295], [-87.8837563, 42.2583213], [-87.8837332, 42.2581827], [-87.8837281, 42.2580309], [-87.8837666, 42.257917], [-87.8838486, 42.2577936], [-87.8839794, 42.2577081], [-87.8841256, 42.2576683], [-87.884277, 42.257674], [-87.8844924, 42.2577613], [-87.8846694, 42.257767], [-87.8848233, 42.2577176], [-87.8849797, 42.2576341], [-87.8850977, 42.2575373], [-87.8851285, 42.2574386], [-87.8850977, 42.2573342], [-87.885049, 42.2572544], [-87.8849772, 42.2571424], [-87.8848695, 42.2569754], [-87.8848002, 42.2568634], [-87.8847258, 42.2567533], [-87.8846361, 42.2566432], [-87.8845129, 42.2565312], [-87.8844078, 42.2564135], [-87.884318, 42.2563053], [-87.8842282, 42.2561648], [-87.8841359, 42.2559882], [-87.8840384, 42.2558212], [-87.8839435, 42.2556807], [-87.8838384, 42.2555364], [-87.8837178, 42.2554168], [-87.8835845, 42.2552555], [-87.8834485, 42.2550998], [-87.8833485, 42.2549707], [-87.8832767, 42.2548435], [-87.8832126, 42.2546897], [-87.8831587, 42.2546024], [-87.8830587, 42.2544733], [-87.882933, 42.2543271], [-87.8828458, 42.2542132], [-87.8827355, 42.2541088], [-87.8826457, 42.2539835], [-87.8825585, 42.2538335], [-87.8824687, 42.2537101], [-87.882361, 42.2535469], [-87.8822584, 42.2534026], [-87.8821533, 42.2532564], [-87.8820814, 42.2531843], [-87.8820148, 42.2531558], [-87.8818916, 42.2531121], [-87.8818173, 42.2530647], [-87.8817377, 42.2529716], [-87.8817249, 42.2529166], [-87.881748, 42.252871], [-87.8817814, 42.2528254], [-87.8818557, 42.2527837]], [[-87.8818557, 42.2527837], [-87.8820096, 42.2527191]], [[-87.8820096, 42.2527191], [-87.8821174, 42.2526622], [-87.8821507, 42.2526185], [-87.882161, 42.2525578], [-87.8821404, 42.2525046], [-87.8820225, 42.2523774], [-87.8819173, 42.2522521], [-87.8818326, 42.2521135], [-87.8817788, 42.2519863], [-87.8817429, 42.2518724], [-87.8817352, 42.251749], [-87.8817454, 42.2516313], [-87.8817557, 42.2515003], [-87.8817557, 42.2514206], [-87.8817198, 42.2513484], [-87.8817095, 42.2512497], [-87.8817301, 42.2511661], [-87.8817608, 42.2510541], [-87.8818096, 42.2509592], [-87.8818609, 42.2508681], [-87.8818968, 42.2507997], [-87.881925, 42.2507257], [-87.8819429, 42.250608], [-87.8819686, 42.2505017], [-87.8820019, 42.2504219], [-87.8820712, 42.2502833], [-87.8821148, 42.2501409], [-87.8821302, 42.2499834], [-87.8821276, 42.2498106], [-87.8821379, 42.2496549], [-87.8821712, 42.2494897], [-87.8822174, 42.2493397], [-87.8822225, 42.2492999], [-87.882202, 42.2491784], [-87.882184, 42.249091], [-87.8821969, 42.2489961], [-87.8822251, 42.248848], [-87.8822405, 42.2486942], [-87.8822302, 42.2485404], [-87.8822097, 42.2483677], [-87.882184, 42.2481151], [-87.8821866, 42.2480715], [-87.8822174, 42.247986], [-87.8822841, 42.247819], [-87.8822969, 42.2477506], [-87.8822738, 42.2476006], [-87.8822559, 42.2474487], [-87.8822482, 42.2472076], [-87.8822302, 42.2470462], [-87.8821969, 42.2468867], [-87.8821635, 42.2466969], [-87.8821456, 42.2466], [-87.8821097, 42.2464405], [-87.8820635, 42.2462678], [-87.8820071, 42.2459924], [-87.8819737, 42.2458178], [-87.8819558, 42.2457095], [-87.8819224, 42.2456013], [-87.8818686, 42.2454361], [-87.8818275, 42.245269], [-87.8818173, 42.2451665], [-87.8818301, 42.2450564], [-87.8818609, 42.2448703], [-87.8818763, 42.2446766], [-87.881866, 42.2445266], [-87.881848, 42.2443026], [-87.8818326, 42.2441146], [-87.8818052, 42.2439179]], [[-87.8818, 42.243804], [-87.8818052, 42.2439179]], [[-87.8818, 42.243804], [-87.881825, 42.243807], [-87.8819685, 42.2438119]], [[-87.8818, 42.243804], [-87.8817424, 42.2437877], [-87.8816104, 42.243696], [-87.8815505, 42.2436437], [-87.8814736, 42.2435867], [-87.8814351, 42.2434956]], [[-87.8814736, 42.2435867], [-87.8813985, 42.2436204], [-87.8813296, 42.243662]], [[-87.8813296, 42.243662], [-87.8812279, 42.2437444]], [[-87.8812279, 42.2437444], [-87.8811831, 42.2437765], [-87.8811646, 42.2437895], [-87.8810158, 42.2439251], [-87.8809161, 42.2440312], [-87.8807765, 42.244148], [-87.8804355, 42.2444165], [-87.8802795, 42.2445494], [-87.880236, 42.2446125], [-87.8801798, 42.2446931], [-87.8800565, 42.2449146], [-87.8799984, 42.2449898], [-87.8798842, 42.2450878], [-87.8797681, 42.2451751], [-87.8796629, 42.245265], [-87.8796194, 42.2453187]], [[-87.8796194, 42.2453187], [-87.8793176, 42.2450939], [-87.8791167, 42.2449902], [-87.8788132, 42.2449764], [-87.8786871, 42.2449038], [-87.8784349, 42.2447931], [-87.8780426, 42.2447759], [-87.8776784, 42.2450455], [-87.8774122, 42.2452322], [-87.8773394, 42.245246], [-87.8772114, 42.2452702], [-87.8769405, 42.2452806], [-87.8766276, 42.2453601], [-87.8762821, 42.2455442]], [[-87.8726662, 42.2463031], [-87.8726609, 42.2460923], [-87.8726233, 42.2458897], [-87.8726716, 42.2457626], [-87.8728433, 42.2456594], [-87.8730257, 42.2455879], [-87.8732778, 42.2456276], [-87.8735085, 42.2456594], [-87.8737553, 42.2455959], [-87.8740182, 42.2455641], [-87.8740691, 42.2455763], [-87.8742006, 42.2456078], [-87.8742971, 42.2456991], [-87.874368, 42.2457468], [-87.8744473, 42.2457468], [-87.8745931, 42.2456964], [-87.8747063, 42.2456667], [-87.874783, 42.2456898], [-87.8748497, 42.245715], [-87.8750696, 42.2457269], [-87.8753862, 42.2456237], [-87.8756705, 42.2455323], [-87.876046, 42.2455005], [-87.8762821, 42.2455442]], [[-87.8718379, 42.2463135], [-87.8719076, 42.2463123], [-87.8721957, 42.2463069], [-87.872601, 42.2462994], [-87.8726662, 42.2463031]], [[-87.8639968, 42.2471911], [-87.8640011, 42.2471189], [-87.8640052, 42.2470485]], [[-87.8389581, 42.2514186], [-87.8389604, 42.2514262], [-87.8389765, 42.2514802], [-87.8390003, 42.2515575], [-87.8390024, 42.2515642]], [[-87.8388125, 42.2504693], [-87.8388163, 42.2504971], [-87.8388225, 42.2505258], [-87.8388178, 42.2505688], [-87.8388116, 42.25059], [-87.8387675, 42.2507053], [-87.838762, 42.2507374], [-87.8387675, 42.2507822], [-87.8389581, 42.2514186]], [[-87.8387528, 42.2502946], [-87.8388125, 42.2504693]], [[-87.8386683, 42.2500156], [-87.8387528, 42.2502946]], [[-87.8382486, 42.2485899], [-87.8385208, 42.2495381], [-87.8385825, 42.2497456], [-87.8386683, 42.2500156]], [[-87.8357199, 42.2402877], [-87.8357252, 42.2402957], [-87.8357487, 42.240331], [-87.8357876, 42.2404164], [-87.8358265, 42.2405474], [-87.8359217, 42.2408959], [-87.8364394, 42.2425996], [-87.8368095, 42.2438158], [-87.8368391, 42.2439162], [-87.8369933, 42.2444383], [-87.8373366, 42.2455324], [-87.8376477, 42.2465718], [-87.8380353, 42.2478465], [-87.8382486, 42.2485899]], [[-87.8356595, 42.2401722], [-87.8356764, 42.2402045], [-87.8357199, 42.2402877]], [[-87.8317424, 42.2322774], [-87.8318782, 42.2324606], [-87.8320017, 42.2326259], [-87.8321639, 42.2328493], [-87.832396, 42.2331343], [-87.8325703, 42.2333567], [-87.8327661, 42.2336099], [-87.8330464, 42.234023], [-87.8333227, 42.2344162], [-87.8336016, 42.2348372], [-87.8338738, 42.235292], [-87.834193, 42.2358669], [-87.8343368, 42.2361541], [-87.8343929, 42.2362661], [-87.8347764, 42.2371577], [-87.8349092, 42.2375152], [-87.8350634, 42.2379808], [-87.8351667, 42.2382847], [-87.8353048, 42.2387861], [-87.8354859, 42.2394046], [-87.8355931, 42.239768], [-87.8356481, 42.2399626], [-87.8356535, 42.2400708], [-87.8356508, 42.2401374], [-87.8356595, 42.2401722]], [[-87.8315222, 42.2319794], [-87.8317424, 42.2322774]], [[-87.8218414, 42.2190702], [-87.8220386, 42.2193463], [-87.82217, 42.219536], [-87.8222518, 42.2196939], [-87.8224061, 42.2199492], [-87.8225603, 42.2202034], [-87.82263, 42.2202988], [-87.8227105, 42.2203882], [-87.8228352, 42.2205203], [-87.822909, 42.2205848], [-87.8231973, 42.2207914], [-87.8232885, 42.2208679], [-87.8233971, 42.2209652], [-87.8235178, 42.2210923], [-87.8236707, 42.2212741], [-87.8239497, 42.2216465], [-87.8243842, 42.2222235], [-87.8245062, 42.2223993], [-87.8246685, 42.2226575], [-87.8247382, 42.2227867], [-87.8247865, 42.222884], [-87.8248656, 42.2230866], [-87.8249676, 42.2233339], [-87.8250319, 42.2234501], [-87.8253109, 42.2238245], [-87.8256086, 42.2242227], [-87.8257253, 42.2243677], [-87.825854, 42.2245157], [-87.8259814, 42.2246428], [-87.8263382, 42.2249735], [-87.8264237, 42.2250487], [-87.8265344, 42.2251461], [-87.8265977, 42.2252136], [-87.82666, 42.2253012], [-87.8270315, 42.2258097], [-87.8275465, 42.2265118], [-87.8280186, 42.2271633], [-87.8283136, 42.2275684], [-87.8284254, 42.2277165], [-87.8285979, 42.2279448], [-87.8289507, 42.2283927], [-87.8294777, 42.2290878], [-87.82964, 42.2293579], [-87.8298613, 42.2296518], [-87.8302099, 42.2301076], [-87.8304446, 42.2304453], [-87.8307853, 42.2309209], [-87.8311246, 42.2313906], [-87.8313016, 42.2316478], [-87.8315222, 42.2319794]], [[-87.8209994, 42.2181114], [-87.8209994, 42.2182067], [-87.8211024, 42.2183211], [-87.8213154, 42.2185163], [-87.8215659, 42.218836], [-87.8217677, 42.2189908], [-87.8218414, 42.2190702]], [[-87.8208707, 42.2181304], [-87.8209994, 42.2181114]], [[-87.8205766, 42.2182198], [-87.8206977, 42.2181854], [-87.8208317, 42.2181428], [-87.8208707, 42.2181304]], [[-87.8204098, 42.217991], [-87.8204256, 42.2180127], [-87.8205066, 42.2181238], [-87.8205766, 42.2182198]], [[-87.8203674, 42.2179329], [-87.8204048, 42.2179841], [-87.8204098, 42.217991]], [[-87.8203278, 42.2178786], [-87.8203488, 42.2179074], [-87.8203674, 42.2179329]], [[-87.8133393, 42.2100329], [-87.8133564, 42.2100615], [-87.8135864, 42.2104436], [-87.8138044, 42.2107045], [-87.8141546, 42.210954], [-87.8144029, 42.211076], [-87.8146317, 42.2111547], [-87.815253, 42.2113724], [-87.8154872, 42.2114658], [-87.8157294, 42.2115939], [-87.8159207, 42.2117332], [-87.816088, 42.2118864], [-87.8162793, 42.2121346], [-87.8166899, 42.2127102], [-87.818033, 42.2147357], [-87.8185489, 42.2154918], [-87.8192763, 42.2164699], [-87.8199254, 42.217321], [-87.8202828, 42.2177919], [-87.8203278, 42.2178786]], [[-87.8131689, 42.20974], [-87.8132553, 42.2098926], [-87.8133393, 42.2100329]], [[-87.8043089, 42.2034481], [-87.8080886, 42.2034624], [-87.8081309, 42.2034753], [-87.8081361, 42.2034832], [-87.8081424, 42.2034928], [-87.8081204, 42.2057997], [-87.8081611, 42.2058698], [-87.8082346, 42.2059191], [-87.8083686, 42.2059553], [-87.8088157, 42.2059304], [-87.8102623, 42.205839], [-87.8108139, 42.2058041], [-87.8115166, 42.2069663], [-87.8116052, 42.2071129], [-87.8116215, 42.2071406], [-87.8128084, 42.2091609], [-87.8129508, 42.2093585], [-87.8131689, 42.20974]], [[-87.804311, 42.203386], [-87.8043089, 42.2034481]], [[-87.804308, 42.201937], [-87.8043082, 42.2020169], [-87.804311, 42.203182], [-87.804311, 42.2032437], [-87.804311, 42.203386]], [[-87.803593, 42.201343], [-87.8036476, 42.201413], [-87.8039966, 42.2018601], [-87.804009, 42.201876], [-87.804073, 42.20192], [-87.804112, 42.201931], [-87.8041717, 42.2019328], [-87.804308, 42.201937]], [[-87.8026861, 42.2001612], [-87.8027432, 42.2002356], [-87.8029001, 42.2004478], [-87.8029641, 42.2005234], [-87.8035447, 42.20128], [-87.803593, 42.201343]], [[-87.802432, 42.199794], [-87.802477, 42.199878], [-87.8025284, 42.199949], [-87.802613, 42.200066], [-87.8026861, 42.2001612]], [[-87.8023672, 42.1959028], [-87.802375, 42.196827], [-87.8023755, 42.1969295], [-87.802379, 42.197658], [-87.802382, 42.198469], [-87.8023822, 42.1985752], [-87.802384, 42.19957], [-87.802402, 42.199704], [-87.802432, 42.199794]], [[-87.8023648, 42.1956171], [-87.8023672, 42.1959028]], [[-87.800218, 42.192266], [-87.8002148, 42.192375], [-87.8001773, 42.1936441], [-87.800171, 42.193857], [-87.800174, 42.193985], [-87.8001827, 42.1940339], [-87.800194, 42.194098], [-87.800214, 42.194159], [-87.800285, 42.194301], [-87.80035, 42.194396], [-87.800495, 42.194547], [-87.800677, 42.194672], [-87.800815, 42.194741], [-87.801115, 42.19485], [-87.801336, 42.19492], [-87.801866, 42.195092], [-87.802005, 42.195147], [-87.802116, 42.195206], [-87.802198, 42.195272], [-87.802269, 42.19535], [-87.802317, 42.195429], [-87.802351, 42.195519], [-87.8023648, 42.1956171]], [[-87.8002309, 42.1917548], [-87.8002202, 42.1921779], [-87.800218, 42.192266]], [[-87.800035, 42.188111], [-87.8000903, 42.1882], [-87.800209, 42.188393], [-87.800255, 42.188485], [-87.8002585, 42.1884986], [-87.8003021, 42.1886706], [-87.800308, 42.188694], [-87.8003058, 42.1887824], [-87.800302, 42.188937], [-87.8002995, 42.189035], [-87.8002876, 42.1895059], [-87.8002859, 42.1895736], [-87.8002826, 42.1897035], [-87.8002814, 42.1897512], [-87.8002746, 42.1900222], [-87.8002715, 42.1901444], [-87.8002632, 42.1904736], [-87.8002619, 42.1905261], [-87.8002557, 42.1907696], [-87.8002511, 42.1909544], [-87.8002489, 42.191043], [-87.8002357, 42.1915664], [-87.8002309, 42.1917548]], [[-87.798646, 42.185892], [-87.7987091, 42.1859919], [-87.7989484, 42.1863706], [-87.7990478, 42.1865281], [-87.7992645, 42.1868711], [-87.799303, 42.186932], [-87.7993399, 42.1869899], [-87.799544, 42.18731], [-87.7996413, 42.1874568], [-87.7997394, 42.1876033], [-87.7998477, 42.1877709], [-87.799973, 42.18797], [-87.7999961, 42.1880217], [-87.800035, 42.188111]], [[-87.7982407, 42.1852615], [-87.7984322, 42.1855593], [-87.7985814, 42.1857915], [-87.798646, 42.185892]], [[-87.7979914, 42.1848735], [-87.7980149, 42.1849101], [-87.7982407, 42.1852615]], [[-87.7978439, 42.1846441], [-87.7978947, 42.184723], [-87.7979914, 42.1848735]], [[-87.7973854, 42.1839307], [-87.7977806, 42.1845457], [-87.7978439, 42.1846441]], [[-87.7966837, 42.1828389], [-87.7969027, 42.1831796], [-87.7969329, 42.1832266], [-87.7973854, 42.1839307]], [[-87.7962339, 42.1821293], [-87.7966837, 42.1828389]], [[-87.7962339, 42.1821293], [-87.7964064, 42.1820648]], [[-87.7959551, 42.1813497], [-87.7959689, 42.1813721], [-87.7964064, 42.1820648]], [[-87.7959551, 42.1813497], [-87.7958671, 42.1813489], [-87.7958216, 42.1813004], [-87.795787, 42.1812114], [-87.7957841, 42.1811249], [-87.7957343, 42.1808648], [-87.7956017, 42.1806369]], [[-87.7956017, 42.1806369], [-87.7955108, 42.1804912]], [[-87.7955108, 42.1804912], [-87.7954513, 42.1804116], [-87.7944226, 42.1790347], [-87.7936595, 42.1781144], [-87.7935085, 42.1779321], [-87.7934733, 42.1778897]], [[-87.7934733, 42.1778897], [-87.7934451, 42.1778577], [-87.7934306, 42.1778412]], [[-87.7934306, 42.1778412], [-87.7931794, 42.177529], [-87.7926993, 42.1769258], [-87.7905334, 42.1743695], [-87.7895079, 42.1731731], [-87.7893871, 42.1730322], [-87.7893492, 42.172988], [-87.7888056, 42.1723165], [-87.7885727, 42.1720288], [-87.7885469, 42.1719982], [-87.7875335, 42.1707973], [-87.7866912, 42.1697989], [-87.7863134, 42.1693512], [-87.7861573, 42.1691662], [-87.7860648, 42.1690678], [-87.785979, 42.1689923], [-87.7858999, 42.1689048], [-87.7858435, 42.1688243], [-87.7857859, 42.1687289], [-87.7857242, 42.1686394], [-87.7853537, 42.1682005], [-87.7853433, 42.1681881], [-87.7852225, 42.1680718], [-87.7852152, 42.1680648], [-87.785088, 42.1679148], [-87.7845681, 42.1672846], [-87.7838904, 42.1665183], [-87.7838609, 42.1665095], [-87.7837915, 42.1664886], [-87.7836743, 42.1664831], [-87.7833428, 42.1660961]], [[-87.7833428, 42.1660961], [-87.7833081, 42.1660556], [-87.7832817, 42.1660241]], [[-87.7832817, 42.1660241], [-87.7831707, 42.1658915], [-87.7829705, 42.1656523], [-87.7829069, 42.165583]], [[-87.7829069, 42.165583], [-87.7827806, 42.1654779], [-87.7826916, 42.1654039], [-87.782668, 42.1653843], [-87.7826437, 42.1653641]], [[-87.7826437, 42.1653641], [-87.7824112, 42.1651], [-87.7823969, 42.1650838], [-87.7823862, 42.165058], [-87.7823862, 42.1650361], [-87.7823915, 42.1650162], [-87.782372, 42.1649926], [-87.7821233, 42.1646922], [-87.7821002, 42.1646654], [-87.7820304, 42.1645845], [-87.7819825, 42.1645291], [-87.7819637, 42.1644844], [-87.781957, 42.1644327], [-87.781953, 42.164383], [-87.7819349, 42.1643344], [-87.7819275, 42.1643144], [-87.7818511, 42.1641812], [-87.7817475, 42.1640625], [-87.7816405, 42.1639436], [-87.7815372, 42.1638174], [-87.7812667, 42.1634669], [-87.7812312, 42.1634209], [-87.7811011, 42.163226], [-87.7810746, 42.1631862], [-87.7809824, 42.1630477], [-87.7807889, 42.1627975], [-87.7806106, 42.1625767], [-87.7801898, 42.1620863], [-87.7800465, 42.1619028], [-87.7798314, 42.1616535], [-87.7796412, 42.1614529], [-87.7795263, 42.1613416], [-87.7794378, 42.1612162], [-87.779369, 42.1611322], [-87.7790635, 42.1607592], [-87.7790378, 42.1607291], [-87.7789689, 42.1607125]], [[-87.7782867, 42.159795], [-87.7780191, 42.1595013], [-87.7778378, 42.1592771], [-87.7778051, 42.159243], [-87.7774066, 42.1588284], [-87.7768711, 42.1582293], [-87.7765405, 42.157836], [-87.7763588, 42.1576198], [-87.7761024, 42.1573147], [-87.7755583, 42.1566674], [-87.7749464, 42.1558999]], [[-87.7749464, 42.1558999], [-87.7747647, 42.1556317], [-87.7746886, 42.1555352], [-87.7743717, 42.1552022], [-87.7743159, 42.1551302], [-87.7742001, 42.1549805], [-87.774066, 42.1547936], [-87.7736673, 42.1543197], [-87.7732036, 42.1537686], [-87.7730578, 42.1536099], [-87.7730128, 42.153607], [-87.7727975, 42.1535933], [-87.7727186, 42.1535386], [-87.7726392, 42.1534858]], [[-87.7726392, 42.1534858], [-87.7726132, 42.153469], [-87.7725356, 42.1534188]], [[-87.7725356, 42.1534188], [-87.7724929, 42.1533906], [-87.7724589, 42.1533465], [-87.7722044, 42.1530478], [-87.7720484, 42.1528579], [-87.772001, 42.1527895], [-87.7719918, 42.1527547]], [[-87.7719918, 42.1527547], [-87.7719693, 42.1527008], [-87.7719572, 42.1526492]], [[-87.7719572, 42.1526492], [-87.7719591, 42.152616], [-87.7719806, 42.1525763], [-87.772059, 42.1524733], [-87.7720629, 42.1524542], [-87.7720644, 42.152447], [-87.7720562, 42.1524183]], [[-87.7720562, 42.1524183], [-87.7720187, 42.1523629], [-87.772002, 42.152336]], [[-87.772002, 42.152336], [-87.7719708, 42.1522978]], [[-87.7725807, 42.1522193], [-87.7725596, 42.1522457], [-87.7725225, 42.1522803], [-87.772475, 42.152294], [-87.7723938, 42.1522949], [-87.7723084, 42.1522953], [-87.7722483, 42.1522957], [-87.7719708, 42.1522978]], [[-87.7748182, 42.1522262], [-87.7744732, 42.1522226], [-87.7740644, 42.1522372], [-87.7737555, 42.1522514], [-87.7736291, 42.1522362], [-87.7735491, 42.1522133], [-87.7734802, 42.1521836], [-87.7734102, 42.1520998], [-87.773328, 42.1520108], [-87.7732167, 42.1519461], [-87.7730259, 42.1518915], [-87.7728754, 42.1518936], [-87.7727043, 42.1519559], [-87.7726295, 42.1520176], [-87.7725847, 42.1520992], [-87.7725779, 42.1521581], [-87.7725807, 42.1522193]], [[-87.7752813, 42.1522318], [-87.7748182, 42.1522262]], [[-87.7773141, 42.1522591], [-87.7772879, 42.1522589], [-87.7768208, 42.1522608], [-87.7765431, 42.1521986], [-87.7764072, 42.1521793], [-87.7760283, 42.1521969], [-87.7757651, 42.1521622], [-87.7755319, 42.152182], [-87.7752813, 42.1522318]], [[-87.7776323, 42.1522593], [-87.7776185, 42.1522593], [-87.7774864, 42.1522592], [-87.7773141, 42.1522591]], [[-87.7801244, 42.1522628], [-87.7799761, 42.1522608], [-87.7799158, 42.1522508], [-87.7798554, 42.1522314], [-87.7795052, 42.1521126], [-87.7794003, 42.1520925], [-87.7793616, 42.1520885], [-87.7793225, 42.1520912], [-87.7791625, 42.1521171], [-87.7789709, 42.1521458], [-87.7789073, 42.1521393], [-87.7788726, 42.15214], [-87.7787809, 42.1521422], [-87.7786563, 42.1521546], [-87.77837, 42.1521992], [-87.7780601, 42.1522413], [-87.7779228, 42.1522479], [-87.7777154, 42.1522557]], [[-87.7812327, 42.152271], [-87.7801244, 42.1522628]], [[-87.7857667, 42.1521093], [-87.7857549, 42.1521303], [-87.7857385, 42.1521594], [-87.7857292, 42.1521767], [-87.7857062, 42.1522194], [-87.7856746, 42.1522611], [-87.7856299, 42.1522948], [-87.7855899, 42.1523142], [-87.7855344, 42.1523353], [-87.785488, 42.152347], [-87.7854643, 42.152353], [-87.7854042, 42.1523593], [-87.7846431, 42.152353], [-87.7841914, 42.1523514], [-87.7840263, 42.1523502], [-87.7839602, 42.152346], [-87.7838583, 42.1523276], [-87.7836835, 42.1522945], [-87.7835291, 42.1522774], [-87.7833747, 42.1522548], [-87.7829976, 42.1521603], [-87.7829155, 42.152138], [-87.7827418, 42.1521306], [-87.7827007, 42.1521303], [-87.7826627, 42.1521396], [-87.7823868, 42.1522728], [-87.7823294, 42.1522972], [-87.7822581, 42.1523208], [-87.7821744, 42.1523365], [-87.781965, 42.152339], [-87.781874, 42.1523228], [-87.7817895, 42.1523002], [-87.7816897, 42.1522827], [-87.7815303, 42.1522732], [-87.7812327, 42.152271]], [[-87.7858983, 42.1516017], [-87.7859512, 42.1516684], [-87.7859934, 42.1517221], [-87.7860068, 42.1517588], [-87.7860115, 42.1518001], [-87.7860095, 42.1518359], [-87.7860067, 42.1518412], [-87.7859894, 42.1518737], [-87.7859606, 42.1519125], [-87.7859089, 42.1519681], [-87.7858548, 42.1520121], [-87.7857924, 42.1520704], [-87.7857667, 42.1521093]], [[-87.7858983, 42.1516017], [-87.7859146, 42.1515933]], [[-87.7859882, 42.1515563], [-87.7860137, 42.151544], [-87.7860972, 42.1514947], [-87.7861143, 42.1514824]], [[-87.7861143, 42.1514824], [-87.7861624, 42.1514479]], [[-87.7861624, 42.1514479], [-87.7861681, 42.1514438], [-87.7861976, 42.1514056], [-87.7862076, 42.1513723], [-87.7861949, 42.1513405], [-87.786178, 42.1513185], [-87.7861725, 42.1512942], [-87.7861947, 42.1512646], [-87.7862244, 42.1512351]], [[-87.7862816, 42.1511868], [-87.7862956, 42.1511746], [-87.7863612, 42.1511428], [-87.7863791, 42.1511156], [-87.7863963, 42.1510876], [-87.7864539, 42.151047], [-87.7865093, 42.151019], [-87.7865318, 42.150974], [-87.7865254, 42.1509297], [-87.7865116, 42.1508988], [-87.7865048, 42.1508674], [-87.7865048, 42.150836], [-87.7865126, 42.1508033], [-87.7865161, 42.1507758], [-87.7865342, 42.1507481], [-87.7865581, 42.150725], [-87.7865853, 42.1506955], [-87.7865788, 42.1506555], [-87.7865355, 42.1506122], [-87.7864598, 42.1505826], [-87.7863473, 42.1505742], [-87.7862628, 42.1505733], [-87.7861729, 42.1505667], [-87.7861114, 42.1505512]], [[-87.7860293, 42.1505028], [-87.7860098, 42.1504904], [-87.7859332, 42.1504416], [-87.7858993, 42.1503991]], [[-87.7858993, 42.1503991], [-87.7858674, 42.1503739]], [[-87.7858674, 42.1503739], [-87.785821, 42.1503373], [-87.7857856, 42.1503156]], [[-87.7857856, 42.1503156], [-87.7858587, 42.1502478], [-87.7858678, 42.1502123], [-87.7858561, 42.150182]], [[-87.7858561, 42.150182], [-87.7858487, 42.1501319]], [[-87.7858487, 42.1501319], [-87.7858702, 42.1500855], [-87.7858967, 42.1500593], [-87.7859466, 42.1500236], [-87.78595295574112, 42.15]]]}}, {"type": "Feature", "properties": {"name": "Outerbelt Trail (segment 7)", "surface": "unpaved", "distance": "12.6 mi", "network": "foot"}, "geometry": {"type": "MultiLineString", "coordinates": [[[-87.9088519, 42.1533738], [-87.908856, 42.1534789], [-87.9088687, 42.1535432], [-87.9088938, 42.1536256], [-87.9090247, 42.153965], [-87.9092933, 42.1547023], [-87.9093513, 42.1549432], [-87.9093883, 42.1550027]], [[-87.9088982, 42.1533754], [-87.9088971, 42.1534514], [-87.9089075, 42.1535049], [-87.9089475, 42.1536323], [-87.9090193, 42.1538246], [-87.9091249, 42.154118], [-87.9093508, 42.1547184], [-87.9093957, 42.1549116], [-87.9093883, 42.1550027]], [[-87.90891, 42.1528534], [-87.9088982, 42.1533754]], [[-87.9096589, 42.1510123], [-87.9097015, 42.1510801], [-87.9097187, 42.1512512], [-87.9097018, 42.151422], [-87.9096421, 42.1517457], [-87.9095781, 42.1518818], [-87.9094541, 42.1520431], [-87.9093253, 42.1522003], [-87.9089928, 42.1525995], [-87.9089398, 42.1526744], [-87.9089252, 42.1527199], [-87.9089105, 42.152771], [-87.90891, 42.1528534]], [[-87.90901208521738, 42.15], [-87.9090344, 42.150039], [-87.9091482, 42.1501454], [-87.9092625, 42.1502688], [-87.90942, 42.1505385], [-87.9095491, 42.1507825], [-87.9096303, 42.1509523], [-87.9096589, 42.1510123]], [[-87.9093883, 42.1550027], [-87.9093327, 42.1552614], [-87.9094462, 42.1555184], [-87.9096255, 42.1557062], [-87.9098209, 42.1558548], [-87.9099847, 42.1560292], [-87.9101215, 42.1563245], [-87.9102503, 42.156578], [-87.9104669, 42.1568477], [-87.9106522, 42.1571739], [-87.9107314, 42.1574004], [-87.9107016, 42.1575303], [-87.9107097, 42.1576234], [-87.91063, 42.1577028], [-87.9106505, 42.1577636], [-87.9107213, 42.1578556]], [[-87.9107213, 42.1578556], [-87.9110482, 42.1581762]], [[-87.9110482, 42.1581762], [-87.9113522, 42.1585236], [-87.9115109, 42.1587403], [-87.911784, 42.1592146], [-87.9119071, 42.1593078], [-87.912246, 42.159391], [-87.9122834, 42.1594002], [-87.9126486, 42.1595712], [-87.9131789, 42.1599729], [-87.9136333, 42.1602322], [-87.9141506, 42.1604437], [-87.9143622, 42.160485], [-87.9148654, 42.1604803], [-87.9150363, 42.1605041], [-87.9151853, 42.1606145], [-87.9153418, 42.1607809], [-87.9155073, 42.161026], [-87.9155556, 42.1611379], [-87.91555, 42.1613045], [-87.9155727, 42.1614519], [-87.9156693, 42.1616695], [-87.9157759, 42.1619118], [-87.9158076, 42.1622538]], [[-87.9158076, 42.1622538], [-87.9158198, 42.162418]], [[-87.9158198, 42.162418], [-87.915832, 42.1625745], [-87.9158072, 42.1626357], [-87.9157605, 42.1626948], [-87.9156715, 42.1627401], [-87.9154951, 42.1627595], [-87.9152151, 42.1628077], [-87.9150839, 42.162942], [-87.9149338, 42.1631433], [-87.9148273, 42.1634557], [-87.9147858, 42.1635288], [-87.914737, 42.1635725], [-87.9146636, 42.1635904], [-87.9144835, 42.1635933], [-87.9143266, 42.1636372], [-87.914243, 42.1637631], [-87.9142299, 42.1638966], [-87.9142505, 42.163981], [-87.9143443, 42.1641087], [-87.9144355, 42.1642552], [-87.9144328, 42.1643768], [-87.9143655, 42.1645512], [-87.9143427, 42.1646301], [-87.9143376, 42.1647254], [-87.9144497, 42.1649065], [-87.9145637, 42.1650398], [-87.914731, 42.1651769], [-87.9150801, 42.1653545], [-87.9151713, 42.1654484], [-87.9151865, 42.1655461], [-87.9151882, 42.1656475], [-87.9151029, 42.1658107], [-87.9149863, 42.1659042], [-87.9148824, 42.1659499], [-87.9147836, 42.1659875], [-87.9147278, 42.1662129], [-87.914643, 42.1665335], [-87.914622, 42.1666334], [-87.9146397, 42.1667893], [-87.914627, 42.1668382], [-87.9145485, 42.1669152], [-87.9144694, 42.1670261], [-87.9143703, 42.1671468], [-87.9142977, 42.1672609], [-87.9140535, 42.1673816], [-87.9139757, 42.1674354], [-87.9139332, 42.1674839]], [[-87.9139332, 42.1674839], [-87.9138424, 42.1676664], [-87.9137916, 42.1678135]], [[-87.9137916, 42.1678135], [-87.9136938, 42.1680972], [-87.9136205, 42.1684018], [-87.9135953, 42.1686519], [-87.9136686, 42.1689905], [-87.9138351, 42.1692466], [-87.9139553, 42.1693913], [-87.9139804, 42.1694366], [-87.9139938, 42.1694945], [-87.9139642, 42.169549], [-87.9139007, 42.1696235], [-87.9138473, 42.1696859], [-87.9137845, 42.1697785], [-87.9137426, 42.1698949], [-87.9136662, 42.1702093], [-87.9136516, 42.1703469], [-87.9136585, 42.170417], [-87.9137245, 42.1704972], [-87.9138887, 42.170658], [-87.9139735, 42.1708128], [-87.9139843, 42.1709722], [-87.9139286, 42.1711089], [-87.9138651, 42.1712752], [-87.9138565, 42.1714332], [-87.913881, 42.1715073], [-87.9139715, 42.1716576], [-87.9139942, 42.1717138], [-87.9139912, 42.1717691], [-87.9139483, 42.1718455], [-87.9138888, 42.1719117], [-87.9138007, 42.1720064], [-87.9136999, 42.1721025], [-87.9136607, 42.1721944], [-87.9136514, 42.1722985], [-87.9136741, 42.1723969], [-87.9137328, 42.1724897], [-87.913808, 42.1725773], [-87.9138842, 42.1726679], [-87.9139352, 42.1727932], [-87.9139857, 42.1729536], [-87.9140073, 42.1730854], [-87.9140148, 42.1732044], [-87.9140451, 42.1733072], [-87.9141654, 42.1734619], [-87.9142991, 42.1735434], [-87.9144628, 42.1736], [-87.9148742, 42.1737024], [-87.9151441, 42.1737736], [-87.9153892, 42.1738805], [-87.915681, 42.1740077], [-87.9157653, 42.1740278], [-87.915856, 42.1740396], [-87.9159995, 42.1740452], [-87.9161157, 42.17404], [-87.9162973, 42.1740044], [-87.9164207, 42.1739597], [-87.9167024, 42.1738042], [-87.916871, 42.1737124], [-87.916986, 42.1736631], [-87.917104, 42.1736351], [-87.9172564, 42.1736247], [-87.9174108, 42.1736397], [-87.9176728, 42.1736849], [-87.9180011, 42.1737537], [-87.9180499, 42.173766], [-87.9184216, 42.1738719], [-87.9185977, 42.1739132], [-87.9188311, 42.1739407], [-87.9190937, 42.1739615], [-87.919168, 42.173985], [-87.9192149, 42.1740069]], [[-87.9192149, 42.1740069], [-87.9194267, 42.1741826]], [[-87.9194267, 42.1741826], [-87.9195111, 42.1742526], [-87.9196563, 42.1743391], [-87.9198223, 42.1744115], [-87.9200076, 42.1745391], [-87.9202643, 42.1747965], [-87.920413, 42.175012], [-87.9205182, 42.1751377], [-87.9206262, 42.1752895], [-87.9206991, 42.17551], [-87.9207629, 42.1756614], [-87.920873, 42.1758459], [-87.9209902, 42.1759686], [-87.9211312, 42.1760877], [-87.9212979, 42.1761798], [-87.9214774, 42.1763448], [-87.9215819, 42.1764944], [-87.9216374, 42.1766839], [-87.9216892, 42.1768642], [-87.9217921, 42.1770482], [-87.9218707, 42.1771873], [-87.9219243, 42.1773366], [-87.9220054, 42.1776139], [-87.9220154, 42.1777046]], [[-87.9206254, 42.1817469], [-87.9206082, 42.1816878], [-87.920568, 42.181652], [-87.9204983, 42.1816183], [-87.9204788, 42.1816068], [-87.9204044, 42.1815626], [-87.9203481, 42.1815169], [-87.9203212, 42.1814712], [-87.9203212, 42.1813937], [-87.9203346, 42.1813221], [-87.9204285, 42.1810816], [-87.9205331, 42.1808471], [-87.9206807, 42.1805489], [-87.9208791, 42.1801474], [-87.9210347, 42.1798672], [-87.921209, 42.1796326], [-87.9215175, 42.1792391], [-87.9217026, 42.1789231], [-87.9217723, 42.1787601], [-87.9218528, 42.1785156], [-87.9219413, 42.1782135], [-87.9219896, 42.1780246], [-87.9220137, 42.1778378], [-87.9220154, 42.1777046]], [[-87.9197855, 42.1858452], [-87.9205146, 42.1843413], [-87.9206064, 42.1841729], [-87.9206525, 42.1840366], [-87.9206756, 42.1838508], [-87.9206776, 42.1836159], [-87.9206672, 42.1834059], [-87.9206282, 42.1831885], [-87.9206091, 42.1830366], [-87.9206254, 42.1817469]], [[-87.919763, 42.1858766], [-87.9197855, 42.1858452]], [[-87.919763, 42.1858766], [-87.9197339, 42.1859172], [-87.9197063, 42.1859525]], [[-87.9197063, 42.1859525], [-87.9196918, 42.185964], [-87.9196657, 42.1859643], [-87.9195655, 42.185922], [-87.9194305, 42.1858682], [-87.9193872, 42.1858478], [-87.9193191, 42.1858187], [-87.9191185, 42.1857355], [-87.918897, 42.1856781], [-87.9186741, 42.1856029], [-87.9183171, 42.1854687], [-87.9182677, 42.1854556], [-87.9181938, 42.1854486], [-87.9181294, 42.1854585], [-87.9181044, 42.1854771], [-87.918091, 42.1855244]], [[-87.918091, 42.1855244], [-87.9180758, 42.1855937], [-87.9180422, 42.1857312], [-87.9179865, 42.1858653], [-87.9178954, 42.1859589], [-87.9177886, 42.1860783], [-87.9177378, 42.1861686], [-87.9176489, 42.1864453], [-87.917636, 42.1865274], [-87.917654, 42.1866226], [-87.9176892, 42.1866839], [-87.9177409, 42.1867411], [-87.9178009, 42.1867748], [-87.9178845, 42.1868043], [-87.9179967, 42.1868222], [-87.9184153, 42.1868437], [-87.9190022, 42.1868273], [-87.9191021, 42.1868335], [-87.9191954, 42.1868643], [-87.9192546, 42.1869035], [-87.9192967, 42.186961], [-87.9193489, 42.1870554], [-87.9193895, 42.1871428], [-87.9194177, 42.1872213], [-87.9194551, 42.1872909], [-87.9195068, 42.187345], [-87.919588, 42.1873859], [-87.9197568, 42.1874369], [-87.9203437, 42.1875827], [-87.9206415, 42.1876949], [-87.9208394, 42.187765], [-87.921058, 42.1878521], [-87.9212312, 42.1878957], [-87.921455, 42.1879201], [-87.9216159, 42.1879529], [-87.9219527, 42.1880826], [-87.9222761, 42.1881684], [-87.9224959, 42.1882611], [-87.9227706, 42.188331], [-87.922898, 42.1883698], [-87.9230254, 42.1884419], [-87.9231496, 42.1885502], [-87.9232658, 42.1886838], [-87.9233457, 42.1888144], [-87.9234655, 42.1891298], [-87.9235179, 42.1892007], [-87.9235814, 42.1892546], [-87.9236491, 42.1892893], [-87.9237491, 42.1893112], [-87.9238512, 42.1893164], [-87.9240388, 42.1893183], [-87.9241168, 42.1893311], [-87.9241914, 42.1893766], [-87.9242393, 42.189426], [-87.9242557, 42.1894731], [-87.9242754, 42.1895288], [-87.9243976, 42.1896868], [-87.9244703, 42.1898096], [-87.924501, 42.1899592], [-87.9244977, 42.1901344], [-87.9244997, 42.1903703], [-87.9244773, 42.1904656], [-87.924444, 42.1905486], [-87.9243763, 42.1907006], [-87.9243506, 42.1907818], [-87.9243504, 42.1908701], [-87.9243483, 42.190973], [-87.9243165, 42.1911372], [-87.9241954, 42.1914599], [-87.9241817, 42.191531], [-87.9241838, 42.1916044], [-87.9242284, 42.1917447], [-87.9246238, 42.1928325], [-87.9250628, 42.1941678], [-87.9251481, 42.1944041], [-87.9252308, 42.1944864], [-87.9253113, 42.19452], [-87.9253937, 42.1945386], [-87.92571, 42.194545], [-87.9259769, 42.1945641], [-87.9261305, 42.1945579], [-87.92637, 42.1945316], [-87.926421, 42.194544], [-87.9264504, 42.1945638], [-87.9264774, 42.1946096], [-87.9264906, 42.1946357]], [[-87.9264906, 42.1946357], [-87.9264923, 42.1946842], [-87.9264957, 42.1947826], [-87.9264972, 42.1948263]], [[-87.9264972, 42.1948263], [-87.9265901, 42.1953643], [-87.92658, 42.1954314], [-87.9265566, 42.1954945], [-87.9265282, 42.1955909], [-87.9265273, 42.1956578], [-87.9265578, 42.1958142], [-87.9265509, 42.1958788], [-87.9265281, 42.1959385], [-87.9264789, 42.1959913], [-87.9264025, 42.1960359], [-87.926295, 42.1960985], [-87.926241, 42.1961318], [-87.9262029, 42.1961788], [-87.9261775, 42.1962263], [-87.9259991, 42.1967569], [-87.9259853, 42.1968172], [-87.9259892, 42.1968789], [-87.92601, 42.196943], [-87.9260588, 42.1970353], [-87.9260991, 42.197107], [-87.9261186, 42.197195], [-87.9261283, 42.19729], [-87.9261139, 42.1974128], [-87.9261131, 42.1976483], [-87.9261448, 42.197784]], [[-87.9261448, 42.197784], [-87.9261455, 42.198001]], [[-87.9261455, 42.198001], [-87.9261282, 42.1981248], [-87.9260863, 42.1984241], [-87.926118, 42.1987726], [-87.9260484, 42.1993831], [-87.9260843, 42.1997492], [-87.926067, 42.1998269], [-87.9260361, 42.199889], [-87.925989, 42.1999823], [-87.9259022, 42.200073], [-87.9258079, 42.2001428], [-87.9256789, 42.2002063], [-87.9256125, 42.2002283], [-87.9255327, 42.2002445], [-87.9254516, 42.20027], [-87.9254126, 42.2002923], [-87.9253909, 42.2003194], [-87.925384, 42.2003576], [-87.9253868, 42.2003854]], [[-87.9253868, 42.2003854], [-87.9253987, 42.20041], [-87.925408, 42.2004291], [-87.9254266, 42.2004569], [-87.9254972, 42.200562], [-87.9255346, 42.2006142], [-87.9254987, 42.2006472], [-87.9254857, 42.2006696], [-87.9253832, 42.200696], [-87.9252569, 42.2007366]], [[-87.9252569, 42.2007366], [-87.9253192, 42.2007807], [-87.9252627, 42.2008281], [-87.9252361, 42.2008615], [-87.9252221, 42.2008903], [-87.9251994, 42.2009345]], [[-87.9251994, 42.2009345], [-87.9252516, 42.2009849], [-87.9253177, 42.2010712], [-87.9253894, 42.2011656], [-87.9255569, 42.2012953], [-87.9256021, 42.2013483]], [[-87.9256021, 42.2013483], [-87.925698, 42.2015217], [-87.9257575, 42.2015957], [-87.9260843, 42.2018303], [-87.9261753, 42.2018733], [-87.9263321, 42.2019212], [-87.9273006, 42.2021334], [-87.9274715, 42.2021655], [-87.9275689, 42.2022136], [-87.9276286, 42.2022633], [-87.9283153, 42.2028482], [-87.9286284, 42.2032224], [-87.9288474, 42.2034459], [-87.9290534, 42.2039672], [-87.9290591, 42.2040311], [-87.9290362, 42.2041262], [-87.9289664, 42.2041718], [-87.928888, 42.2041992], [-87.928789, 42.2042152], [-87.9279415, 42.2041869], [-87.9275743, 42.2041935], [-87.9274414, 42.2042156], [-87.9273034, 42.2042576], [-87.927173, 42.2043319], [-87.9269028, 42.2045359], [-87.9266261, 42.2048052], [-87.9266133, 42.2048585], [-87.9266242, 42.2049146], [-87.9267772, 42.2051867], [-87.9267794, 42.2052567], [-87.9267616, 42.2053305], [-87.9267102, 42.2053851], [-87.9265077, 42.2056063], [-87.926419, 42.2057339], [-87.9263794, 42.2057807], [-87.9262818, 42.2058104], [-87.9261642, 42.205834], [-87.9259087, 42.2058549], [-87.9258206, 42.205875], [-87.9257075, 42.2059385], [-87.9256397, 42.2060051], [-87.925413, 42.2063001], [-87.9251878, 42.206623], [-87.9250935, 42.206792], [-87.9250508, 42.2069419], [-87.9250294, 42.2071102], [-87.9250179, 42.2072064], [-87.9250271, 42.2072737], [-87.9251902, 42.2074129], [-87.9253652, 42.2075288], [-87.9254604, 42.2075638], [-87.9255625, 42.2075695], [-87.9258179, 42.2075807], [-87.9259364, 42.2076115], [-87.9260372, 42.2076657], [-87.9261635, 42.2077839], [-87.9262713, 42.2078431], [-87.9265211, 42.2080697], [-87.9267229, 42.208207], [-87.9269274, 42.2083519], [-87.9270378, 42.2084194], [-87.9271035, 42.2084919], [-87.9271574, 42.2085595], [-87.927194, 42.208674], [-87.9271805, 42.208916], [-87.9271819, 42.2089804], [-87.9271851, 42.2090152], [-87.9272058, 42.2091013], [-87.9272574, 42.2091926], [-87.9273006, 42.209282], [-87.927311, 42.209356], [-87.9272902, 42.2094338], [-87.9272736, 42.2094985], [-87.9273865, 42.2098714], [-87.9274754, 42.2100674], [-87.9275278, 42.2102387], [-87.9276486, 42.2105914], [-87.9276417, 42.210771], [-87.9276649, 42.2109257], [-87.9276994, 42.2110208], [-87.9277599, 42.2110845], [-87.9278411, 42.2111368], [-87.927929, 42.2111641], [-87.9280358, 42.2111994], [-87.9281951, 42.2112149], [-87.9282846, 42.2112424], [-87.9284767, 42.2113332], [-87.9285249, 42.2113481], [-87.9285857, 42.2113501], [-87.9286686, 42.2113357], [-87.9288732, 42.211234], [-87.9289459, 42.2112032], [-87.929017, 42.211187], [-87.929112, 42.2111787], [-87.929208, 42.2111845], [-87.9292955, 42.2112049], [-87.9293915, 42.2112126], [-87.9294765, 42.2112156], [-87.9296542, 42.2112849], [-87.9297074, 42.2112922], [-87.929767, 42.2112902], [-87.9298173, 42.2112785], [-87.9300319, 42.2111768], [-87.9300971, 42.2111595], [-87.9301616, 42.2111566], [-87.930225, 42.2111643], [-87.9303536, 42.2112267], [-87.9305209, 42.2113269], [-87.9306413, 42.2113742], [-87.9307443, 42.2114438], [-87.9307809, 42.2114939], [-87.9307936, 42.2115566], [-87.930799, 42.2116337], [-87.9308107, 42.2116991], [-87.930831, 42.2117685], [-87.9309578, 42.2119773], [-87.9310059, 42.2120849], [-87.9310375, 42.2122161], [-87.9310646, 42.2123896], [-87.9310781, 42.21245], [-87.9310975, 42.2125159], [-87.9311302, 42.2125814], [-87.9311893, 42.2126674], [-87.9312936, 42.2127661], [-87.9314267, 42.2128224], [-87.9315339, 42.2128678], [-87.9315783, 42.2128893], [-87.9316593, 42.2129566], [-87.9317009, 42.2130135], [-87.9317325, 42.2130905], [-87.9317168, 42.2131701]], [[-87.9317168, 42.2131701], [-87.931685, 42.2132686]], [[-87.931685, 42.2132686], [-87.931656, 42.2133412], [-87.9316074, 42.2134047], [-87.9314863, 42.213508], [-87.931451, 42.2135607], [-87.9314218, 42.2136264], [-87.9314189, 42.213688], [-87.9314309, 42.2138913], [-87.931413, 42.2139841], [-87.9313656, 42.2140872], [-87.9313197, 42.2141461], [-87.9312912, 42.2142074], [-87.9312839, 42.2142637], [-87.931291, 42.2143301], [-87.931373, 42.2145565], [-87.9313764, 42.2146845], [-87.9313419, 42.214904], [-87.9313364, 42.2149902], [-87.9313708, 42.215065], [-87.9314312, 42.2151452], [-87.9316112, 42.2152771], [-87.9317879, 42.215324], [-87.9318343, 42.2153833], [-87.9318328, 42.2154582], [-87.9318399, 42.2156037], [-87.9318587, 42.2156404], [-87.9319021, 42.2156651], [-87.9320542, 42.2156837], [-87.9321677, 42.2157233], [-87.9321898, 42.2157803], [-87.9321983, 42.2158703], [-87.9322166, 42.2159229], [-87.9322564, 42.2159611], [-87.9323771, 42.2160149], [-87.9324913, 42.2161131], [-87.9326013, 42.2162718], [-87.9327157, 42.2163448], [-87.9327902, 42.2164142], [-87.9328196, 42.2164416], [-87.9328769, 42.216543], [-87.9328737, 42.2166055], [-87.9328534, 42.2166831], [-87.9326698, 42.2169385], [-87.9325245, 42.217215], [-87.9325043, 42.2172871], [-87.9325044, 42.2173687], [-87.9325351, 42.2175251], [-87.9325673, 42.2175894], [-87.9326186, 42.2176526], [-87.9327438, 42.2177248], [-87.9329551, 42.2178028], [-87.9330643, 42.217844], [-87.9331298, 42.2178607], [-87.9331988, 42.217873], [-87.9332761, 42.2178706], [-87.9336448, 42.2178275], [-87.9338599, 42.2178198], [-87.9341632, 42.2178287], [-87.9345801, 42.2178174], [-87.9346542, 42.2178148], [-87.9347317, 42.2178195], [-87.9347857, 42.2178592], [-87.9348749, 42.2179907], [-87.9349288, 42.218097], [-87.9349459, 42.2181531], [-87.9349771, 42.2182597]], [[-87.9349771, 42.2182597], [-87.9349898, 42.2182963]], [[-87.9349898, 42.2182963], [-87.9349942, 42.2183108], [-87.9349624, 42.2184993], [-87.9349206, 42.2185669], [-87.9348556, 42.2186207], [-87.9347324, 42.2186512], [-87.9344007, 42.218697], [-87.9342129, 42.218746], [-87.9341164, 42.2187824], [-87.9340195, 42.2188189], [-87.93395, 42.2188211], [-87.9334836, 42.2187431], [-87.9333529, 42.2187352], [-87.9331298, 42.2187702], [-87.933053, 42.2187683], [-87.9329702, 42.218749], [-87.9329147, 42.2187173], [-87.9328615, 42.218694], [-87.932802, 42.2186774], [-87.9327413, 42.2186806], [-87.9326914, 42.2186959], [-87.9326302, 42.2187302]], [[-87.9326302, 42.2187302], [-87.9322953, 42.2189618]], [[-87.9322953, 42.2189618], [-87.9322291, 42.2190148], [-87.9320366, 42.2191822], [-87.9319004, 42.2192749], [-87.9325766, 42.2197908], [-87.9327438, 42.2200316], [-87.9328908, 42.2201404], [-87.9332423, 42.2203688], [-87.9335219, 42.2205729], [-87.9336524, 42.2207693], [-87.9338646, 42.2210272], [-87.9337892, 42.221237], [-87.9338514, 42.2213318], [-87.9338772, 42.2213546], [-87.9339257, 42.2213744], [-87.9339728, 42.2214068], [-87.9340028, 42.2214372], [-87.9340203, 42.2214687], [-87.934052, 42.2216006], [-87.9340777, 42.2216397], [-87.9341104, 42.2216662], [-87.9342644, 42.2217261], [-87.9343815, 42.2217639], [-87.9344585, 42.221796], [-87.9345167, 42.2218514], [-87.934543, 42.2219119], [-87.9345585, 42.2219798], [-87.9345803, 42.2223128], [-87.9345922, 42.2223569], [-87.9346115, 42.222402], [-87.9346298, 42.2224459], [-87.9346946, 42.2225304], [-87.9348911, 42.2227143], [-87.9349813, 42.22281], [-87.9350546, 42.2229071], [-87.9351573, 42.2230117], [-87.9352613, 42.2231412], [-87.9352849, 42.2231744], [-87.9353271, 42.2231947], [-87.9353797, 42.223206], [-87.9354846, 42.2232139], [-87.9355715, 42.2232327], [-87.9356017, 42.2232426], [-87.9356301, 42.2232605], [-87.9356581, 42.2232947], [-87.9356817, 42.2233351], [-87.9357283, 42.2234709], [-87.9357496, 42.2235102], [-87.9358482, 42.2236548], [-87.9359158, 42.2237357], [-87.9359832, 42.223802], [-87.9360243, 42.2238273], [-87.9360729, 42.2238488], [-87.9361201, 42.2238699], [-87.9361954, 42.2238937], [-87.9362448, 42.2239246], [-87.9362788, 42.2239597], [-87.9363169, 42.2240205], [-87.9364081, 42.2242634], [-87.9364558, 42.2244346], [-87.9364795, 42.2244948], [-87.9365843, 42.2246806], [-87.9367047, 42.2248776], [-87.9369097, 42.2251987], [-87.9370361, 42.2254521], [-87.937107, 42.2256027], [-87.937127, 42.2256662], [-87.9371394, 42.2257375], [-87.9371567, 42.2257951], [-87.9371883, 42.2258447], [-87.9372296, 42.2258858], [-87.9372812, 42.2259194], [-87.9374205, 42.2259651], [-87.9375917, 42.2260063]], [[-87.9375917, 42.2260063], [-87.9382398, 42.2261896]], [[-87.9382398, 42.2261896], [-87.9383367, 42.2262164], [-87.9383926, 42.2262368], [-87.9384369, 42.2262725], [-87.9384971, 42.2263514], [-87.9385403, 42.2264326], [-87.9385544, 42.2264746], [-87.9385507, 42.2265272], [-87.9384831, 42.2267549], [-87.9384572, 42.2270035], [-87.9384347, 42.2271229], [-87.938421, 42.2272163], [-87.9384323, 42.2272727], [-87.9384714, 42.2273732], [-87.93849, 42.2274447], [-87.9384884, 42.2275085], [-87.9384695, 42.2275589], [-87.9381409, 42.2281057], [-87.9379671, 42.2283441], [-87.9378548, 42.2284864], [-87.9377179, 42.2286855], [-87.937666, 42.2287386], [-87.9376066, 42.2287826], [-87.937495, 42.2288435], [-87.9373819, 42.2288964], [-87.93731, 42.2289526], [-87.9372778, 42.2289884], [-87.9372628, 42.2290332], [-87.9372409, 42.2291229], [-87.9371974, 42.2292315], [-87.9371054, 42.2293605], [-87.9370179, 42.229499], [-87.9369868, 42.2295738], [-87.9369709, 42.2296537], [-87.9369534, 42.229828], [-87.9369317, 42.229931], [-87.9369049, 42.2300237], [-87.9368046, 42.2302051], [-87.9367484, 42.2302723], [-87.9366205, 42.2303954], [-87.9364859, 42.2305359], [-87.9363619, 42.2306814], [-87.936302, 42.2307602], [-87.9362262, 42.2308504], [-87.9360684, 42.2310059], [-87.9360356, 42.2310785], [-87.9360189, 42.2311314], [-87.9360123, 42.2311869], [-87.9360084, 42.2312928], [-87.936011, 42.231449], [-87.9360641, 42.2317151], [-87.9360612, 42.2318115], [-87.9360427, 42.2319013], [-87.9360165, 42.2319709], [-87.9359507, 42.2321218], [-87.9359424, 42.2321593], [-87.9359435, 42.2322005], [-87.9359621, 42.2322624], [-87.9359753, 42.2323098], [-87.9359713, 42.2323566], [-87.9359529, 42.2324807], [-87.9359236, 42.2325586], [-87.93591, 42.232622], [-87.9359153, 42.2326726], [-87.9359317, 42.2327055], [-87.9360167, 42.2328185], [-87.9360359, 42.2328694], [-87.9360353, 42.2329182], [-87.9359923, 42.233093], [-87.9359975, 42.2331524], [-87.9360168, 42.2331992], [-87.9360413, 42.2332372], [-87.9361014, 42.2332814], [-87.9365048, 42.2335449], [-87.9365895, 42.2336039], [-87.9366706, 42.233689], [-87.9367547, 42.2338225], [-87.9367718, 42.2338655], [-87.9367737, 42.233912], [-87.9367657, 42.2339668], [-87.9366929, 42.2341439], [-87.9365151, 42.2347873], [-87.9365088, 42.2348522], [-87.9365228, 42.2349035], [-87.936547, 42.2349512], [-87.9366156, 42.2350741], [-87.9366314, 42.2351301], [-87.9366341, 42.2351847], [-87.9366326, 42.2354078], [-87.9366428, 42.2355066], [-87.9366645, 42.2355777], [-87.936744, 42.2357617], [-87.9367464, 42.2358473], [-87.9367551, 42.2360186], [-87.9367744, 42.2361207], [-87.9368274, 42.2362344], [-87.9368566, 42.236342], [-87.9368765, 42.2365135], [-87.9370154, 42.2371225], [-87.9370296, 42.2371634], [-87.9370586, 42.23724], [-87.9371243, 42.2373479], [-87.9371592, 42.2374167], [-87.937169, 42.2374964], [-87.9371761, 42.2376449], [-87.9371916, 42.2377157], [-87.9372241, 42.2377832], [-87.937292, 42.2378543], [-87.9375363, 42.2380973], [-87.9376875, 42.2384163], [-87.9377697, 42.2385241], [-87.9378904, 42.2386101], [-87.9380133, 42.2386627], [-87.9381742, 42.2387024], [-87.9382907, 42.2387466], [-87.9384616, 42.2388461], [-87.9385475, 42.2388889], [-87.9386349, 42.2389128], [-87.938725, 42.23892], [-87.9390571, 42.238921], [-87.9391965, 42.2389093], [-87.9393552, 42.2388741], [-87.9396145, 42.2388554], [-87.9398156, 42.2388517], [-87.9400226, 42.2388741], [-87.9401161, 42.238937], [-87.9401393, 42.2390207], [-87.9401331, 42.2391441], [-87.9400717, 42.2392892], [-87.9399365, 42.2395625], [-87.9399014, 42.2397185], [-87.9398408, 42.239843], [-87.9397489, 42.2398881], [-87.9396936, 42.2399153], [-87.9396199, 42.2399304], [-87.9394977, 42.2399353], [-87.9394048, 42.2399273], [-87.9393274, 42.2399398], [-87.939252, 42.2399612]], [[-87.939252, 42.2399612], [-87.938907, 42.2401262]], [[-87.938907, 42.2401262], [-87.9388566, 42.2401626], [-87.9388447, 42.2401972], [-87.9388446, 42.240226], [-87.9388748, 42.2402632], [-87.938939, 42.2403088], [-87.938998, 42.2403392], [-87.9390188, 42.2403633], [-87.9390245, 42.2403998], [-87.9391095, 42.2406477], [-87.9391171, 42.240695], [-87.9390538, 42.2407587]], [[-87.9390538, 42.2407587], [-87.9389593, 42.240844], [-87.9388755, 42.2409151], [-87.93877, 42.2410217], [-87.9386661, 42.2410972], [-87.9385769, 42.2411315], [-87.9384746, 42.2411411], [-87.9383793, 42.2411164], [-87.9382598, 42.2410649], [-87.9381679, 42.241019], [-87.9380933, 42.2409933], [-87.9380014, 42.2409751], [-87.9378449, 42.240973], [-87.9377279, 42.240966], [-87.9375932, 42.2409315], [-87.9373765, 42.2408652], [-87.9372363, 42.2408123], [-87.9371101, 42.2407874], [-87.9367676, 42.2408312], [-87.9364181, 42.240848], [-87.9360437, 42.2408754], [-87.93583, 42.2408818], [-87.9357873, 42.2408862], [-87.9357461, 42.2409037], [-87.9357108, 42.2409384], [-87.935624, 42.2409725], [-87.9355268, 42.2409956], [-87.93541, 42.2410178], [-87.9353007, 42.2410271], [-87.9349812, 42.2410537], [-87.9347617, 42.241053], [-87.934641, 42.2410875], [-87.934551, 42.2410907], [-87.9344569, 42.2410607], [-87.9342955, 42.2410216], [-87.9342143, 42.2410089], [-87.9341245, 42.241045], [-87.9340391, 42.2410771], [-87.9338559, 42.2410846], [-87.9335536, 42.241079], [-87.9333706, 42.2410598], [-87.9332241, 42.2410154], [-87.9330391, 42.2409511], [-87.9328518, 42.2409013], [-87.9326682, 42.2408956], [-87.9325604, 42.240896], [-87.9324936, 42.2409112], [-87.9323332, 42.2409356], [-87.932198, 42.2409418], [-87.9320804, 42.2409372], [-87.9319489, 42.2409076], [-87.9318393, 42.2408703], [-87.9316805, 42.2408644], [-87.9315577, 42.2408754], [-87.9314481, 42.2408582], [-87.9313148, 42.2408513], [-87.9311748, 42.2408797], [-87.9311038, 42.2409002], [-87.9310216, 42.2409047], [-87.9309309, 42.2408946], [-87.9308543, 42.2408691], [-87.9307413, 42.24084], [-87.9305984, 42.2408328], [-87.9304631, 42.2408253], [-87.9303277, 42.2408644], [-87.9302213, 42.2409247], [-87.9300912, 42.2409711], [-87.9299935, 42.2409743], [-87.929897, 42.2409681], [-87.9297423, 42.2409555], [-87.9294717, 42.2409581], [-87.929263, 42.2409543], [-87.929162, 42.2409783], [-87.9290675, 42.2410163], [-87.9290177, 42.2410645], [-87.9288414, 42.2413278], [-87.9287495, 42.2414677], [-87.9286999, 42.2415119], [-87.9286381, 42.241549], [-87.9285629, 42.2415725], [-87.9284723, 42.241584], [-87.9282583, 42.2415824], [-87.9279798, 42.2415588], [-87.9277581, 42.2414918], [-87.9276036, 42.2414402], [-87.927471, 42.2414106], [-87.9272747, 42.2413967], [-87.9270906, 42.2413893], [-87.9269089, 42.2414112], [-87.92678, 42.2414813], [-87.9267295, 42.2415768], [-87.9267086, 42.2416141], [-87.9266867, 42.2418104], [-87.9266425, 42.2418869], [-87.9265816, 42.241978], [-87.9265726, 42.2420391], [-87.92661, 42.2421471], [-87.9266686, 42.2423684], [-87.9266947, 42.242629], [-87.926675, 42.2428254], [-87.9266433, 42.2429949], [-87.9266454, 42.2430624], [-87.9266663, 42.2431354], [-87.926704, 42.2431911], [-87.9267526, 42.243231], [-87.9268684, 42.2432791], [-87.9269161, 42.2433033], [-87.9269577, 42.2433527], [-87.926964, 42.2433972], [-87.9269386, 42.2434692], [-87.9269338, 42.2435093], [-87.9269419, 42.2435648], [-87.9269372, 42.2436309], [-87.9269218, 42.2436752], [-87.9269001, 42.243707], [-87.9268606, 42.2437332], [-87.9267726, 42.2437581], [-87.9267189, 42.243778], [-87.9266557, 42.243809], [-87.9265641, 42.2438809], [-87.9265308, 42.2439059], [-87.9264723, 42.2439219], [-87.9263606, 42.2439267], [-87.9263092, 42.2439288], [-87.9262646, 42.2439486], [-87.9262444, 42.2439843], [-87.9262114, 42.2440748], [-87.9261222, 42.2441638], [-87.926059, 42.2443251], [-87.9260306, 42.2443775], [-87.9259799, 42.2444087], [-87.925808, 42.2446199], [-87.9257269, 42.2446933], [-87.9256713, 42.2448031], [-87.9256684, 42.2448809], [-87.9257119, 42.2449922], [-87.9257569, 42.2450443], [-87.9258079, 42.2450972], [-87.9258818, 42.2451562], [-87.9259342, 42.2451896], [-87.925973, 42.245238], [-87.9259776, 42.2453269], [-87.9260069, 42.2454288], [-87.9260353, 42.2455351], [-87.9260264, 42.2456287], [-87.926008, 42.2457929], [-87.9259828, 42.2458644], [-87.925947, 42.2459268], [-87.9259025, 42.2459542], [-87.9258393, 42.245995], [-87.9257784, 42.2460578], [-87.9257317, 42.2461618], [-87.9257095, 42.2462968], [-87.9256867, 42.2463438], [-87.9256418, 42.2464149], [-87.9255804, 42.2464728], [-87.9255476, 42.2465114], [-87.9255353, 42.2465683], [-87.9255365, 42.2466218], [-87.9255523, 42.2467401], [-87.9256031, 42.2470408], [-87.9256711, 42.247267], [-87.925744, 42.2474161], [-87.925792, 42.2475584], [-87.9257925, 42.2476488], [-87.9257534, 42.2478926], [-87.9257182, 42.2480703], [-87.9257294, 42.2482208], [-87.925769, 42.2483388], [-87.9258303, 42.248491], [-87.9258918, 42.2486535], [-87.9258944, 42.2487479], [-87.9258707, 42.2488321], [-87.9257411, 42.2490801], [-87.9257337, 42.2491681], [-87.9257342, 42.249264], [-87.925759, 42.2493573], [-87.9258324, 42.2494306], [-87.9258955, 42.2494783], [-87.9260192, 42.2495611], [-87.9261062, 42.2496639], [-87.9261089, 42.2497907], [-87.9260794, 42.2499101], [-87.9260226, 42.250026], [-87.9259148, 42.2501735], [-87.9257128, 42.2504313], [-87.9256194, 42.250595], [-87.9255376, 42.2507291], [-87.9255245, 42.2508151], [-87.9255504, 42.250901], [-87.92557, 42.2510124], [-87.9255825, 42.2511697], [-87.9255872, 42.2513568], [-87.9255798, 42.2514344], [-87.9256122, 42.2514939], [-87.9256606, 42.2515578], [-87.9257411, 42.251613], [-87.925848, 42.251649], [-87.926046, 42.2517008], [-87.9262286, 42.2517795], [-87.9263364, 42.2518416], [-87.9264112, 42.2519035], [-87.9264723, 42.2519946], [-87.9265159, 42.252152], [-87.9265308, 42.2522293], [-87.9265053, 42.2522978], [-87.9264541, 42.2523514], [-87.9263734, 42.2525174], [-87.9263272, 42.2526959], [-87.9262989, 42.252788], [-87.9262355, 42.252868], [-87.9261469, 42.252989], [-87.9259951, 42.2531886], [-87.9259214, 42.2532317], [-87.9257868, 42.2533029], [-87.9257077, 42.2533198], [-87.9256251, 42.25336], [-87.9255819, 42.2534426], [-87.9254525, 42.2536772], [-87.925438, 42.2537614], [-87.9254553, 42.2538161], [-87.9255104, 42.2539072], [-87.9255457, 42.2539528], [-87.9255545, 42.2540018], [-87.9255287, 42.2541458], [-87.925462, 42.2542463], [-87.9254501, 42.2543134], [-87.9254736, 42.2544256], [-87.9254743, 42.2545458], [-87.925461, 42.2546682], [-87.9254298, 42.2547495], [-87.9253847, 42.2548167]], [[-87.9253847, 42.2548167], [-87.9253377, 42.2548461], [-87.9252737, 42.2548674], [-87.9251633, 42.2548713]], [[-87.9249626, 42.2548693], [-87.9249068, 42.2548658], [-87.9248349, 42.2548704], [-87.9247554, 42.2548894], [-87.9246955, 42.2549125]], [[-87.9246955, 42.2549125], [-87.9246544, 42.2549473], [-87.9246153, 42.2550048], [-87.9246088, 42.2551292], [-87.924611, 42.2553609], [-87.9245995, 42.2555369], [-87.9245865, 42.255673], [-87.9245623, 42.255725], [-87.9245227, 42.2557806], [-87.9244118, 42.2558652], [-87.9243207, 42.2559299], [-87.9238223, 42.2562276], [-87.923752, 42.2562812], [-87.9236645, 42.2563606], [-87.9235721, 42.2564305], [-87.9235057, 42.2564592], [-87.9234258, 42.2565021], [-87.9233738, 42.2565247], [-87.9233209, 42.2565567], [-87.9231749, 42.2566881], [-87.923041, 42.2568171], [-87.9229703, 42.2569042], [-87.9228923, 42.256963], [-87.9227503, 42.2570811], [-87.9226404, 42.2572711], [-87.9225901, 42.2573357], [-87.9225181, 42.2573938], [-87.9223395, 42.2575251], [-87.9222893, 42.2575832], [-87.9222737, 42.2576626], [-87.922256, 42.2577425], [-87.922197, 42.257891], [-87.922145, 42.2579975], [-87.9221069, 42.2580709], [-87.922013, 42.2581575], [-87.9219326, 42.2582187], [-87.9218602, 42.2582525], [-87.9217793, 42.2583352], [-87.9217476, 42.2584065], [-87.9217468, 42.258477], [-87.9217432, 42.2585659], [-87.9216807, 42.2586823], [-87.9215794, 42.2588138], [-87.9214316, 42.2589911], [-87.9213177, 42.259148], [-87.9208995, 42.2595751], [-87.9207364, 42.2599308], [-87.9203244, 42.2602675], [-87.9202322, 42.2604064], [-87.9201801, 42.2605936], [-87.9200927, 42.2607439], [-87.9200481, 42.2608627], [-87.9199924, 42.2609404], [-87.9198577, 42.261025], [-87.9197738, 42.2611094], [-87.9196952, 42.2613065], [-87.9195007, 42.2616196], [-87.9194608, 42.2617076], [-87.919408, 42.2618005], [-87.9194033, 42.2618257], [-87.9194255, 42.261861], [-87.9194626, 42.2618718], [-87.9194878, 42.2618791], [-87.9195386, 42.2618852], [-87.919669, 42.261901], [-87.9196739, 42.2619533], [-87.9196811, 42.2620292], [-87.9196858, 42.262079], [-87.9195976, 42.262316], [-87.9194461, 42.2625862], [-87.9193564, 42.2627871], [-87.9193114, 42.2629674], [-87.9193287, 42.2631019], [-87.9194559, 42.2632036], [-87.9195068, 42.2633217]], [[-87.9195068, 42.2633217], [-87.9196065, 42.2633672], [-87.919696, 42.2634247], [-87.9197293, 42.2634915], [-87.9197195, 42.2635554], [-87.9196882, 42.2636263], [-87.9196216, 42.2636974], [-87.9195262, 42.2637738], [-87.9194474, 42.2638312], [-87.9193983, 42.2638949], [-87.9193835, 42.2639636], [-87.9193878, 42.2640324], [-87.9194016, 42.2640969], [-87.919455, 42.2642241], [-87.9195684, 42.2645161], [-87.9197236, 42.2648537], [-87.91983, 42.2650855], [-87.9198752, 42.2652569], [-87.9198867, 42.2654317], [-87.9197837, 42.2657175], [-87.9198479, 42.2658309], [-87.919919, 42.2658606], [-87.9200137, 42.2658674], [-87.920089, 42.2658611], [-87.9201705, 42.2658488], [-87.9202963, 42.2658112], [-87.9203811, 42.2657926], [-87.9204745, 42.2657943], [-87.9205352, 42.2658168], [-87.9205988, 42.2658612], [-87.9206486, 42.2659026], [-87.9207023, 42.2659339], [-87.9207896, 42.2659484], [-87.9208687, 42.2659454], [-87.9209551, 42.2659209], [-87.9210955, 42.2658865], [-87.9212096, 42.2658632], [-87.9212723, 42.2658345], [-87.9213236, 42.2657965], [-87.9213551, 42.2657473], [-87.9214055, 42.2657017], [-87.9214606, 42.26568], [-87.9215344, 42.2656682], [-87.9216698, 42.2656596], [-87.9217646, 42.2656655], [-87.9218581, 42.2656788], [-87.9220154, 42.2657186], [-87.9220908, 42.265753], [-87.9222283, 42.2658227], [-87.9223058, 42.2658414], [-87.9223904, 42.2658393], [-87.9224734, 42.2658233], [-87.9225485, 42.2657963], [-87.9227367, 42.2657014], [-87.9227829, 42.2656837], [-87.9228647, 42.2656737], [-87.9229386, 42.2656827], [-87.9229909, 42.265699], [-87.923043, 42.2657313], [-87.9233157, 42.2658775], [-87.9233807, 42.2659016], [-87.9234694, 42.2659231], [-87.9236793, 42.2659396], [-87.9241404, 42.2659955], [-87.924293, 42.266023], [-87.9243554, 42.2660486], [-87.9243901, 42.2660731], [-87.9244251, 42.2661046], [-87.9244514, 42.2661564], [-87.9244674, 42.266211], [-87.9244652, 42.2662586], [-87.9244192, 42.2663936], [-87.9243943, 42.2665027], [-87.9243897, 42.2665798], [-87.9244101, 42.2667074], [-87.9244022, 42.2667747], [-87.9243374, 42.2669418], [-87.9243094, 42.2671035], [-87.9242792, 42.2671936], [-87.9242403, 42.2672571], [-87.9241764, 42.2673127], [-87.9238615, 42.2674033], [-87.9237798, 42.2674332], [-87.9237152, 42.2674646], [-87.9236689, 42.2675013], [-87.9236372, 42.2675545], [-87.9236244, 42.2676158], [-87.9236428, 42.2677325], [-87.9236695, 42.2677917], [-87.9237077, 42.2678363], [-87.9237618, 42.2678803], [-87.9238574, 42.2679327], [-87.9243754, 42.2681089], [-87.9244165, 42.2681256], [-87.9244486, 42.2681513], [-87.9244641, 42.2681806], [-87.9244799, 42.2682109], [-87.9244795, 42.2682449], [-87.9244721, 42.2683011], [-87.9244538, 42.2684126], [-87.9243983, 42.2685779], [-87.92435, 42.2687221], [-87.9243637, 42.2687941], [-87.9243944, 42.2688702], [-87.9243893, 42.2689405], [-87.9243679, 42.2689962], [-87.9243316, 42.2690384], [-87.9242793, 42.2690748], [-87.9241691, 42.2691494], [-87.9241335, 42.2692022], [-87.9241217, 42.2692648], [-87.9241213, 42.26935], [-87.9240838, 42.2695648], [-87.924042, 42.269619], [-87.9239759, 42.2696839], [-87.9239026, 42.2697326], [-87.923876, 42.2697713], [-87.9238721, 42.2698356], [-87.9238842, 42.2699683], [-87.9239808, 42.2701509], [-87.9240133, 42.2702011]], [[-87.9240133, 42.2702011], [-87.9238984, 42.2703032], [-87.9238341, 42.2703905], [-87.9237536, 42.2704699], [-87.9237161, 42.2706327], [-87.9237375, 42.2707756], [-87.9237268, 42.2708748], [-87.9237112, 42.2708956], [-87.9236731, 42.2709463], [-87.9235766, 42.2710415], [-87.923535, 42.2710987], [-87.9235015, 42.2711447], [-87.9234961, 42.2713035], [-87.9235605, 42.2714782], [-87.9236946, 42.2715973], [-87.923818, 42.2717441], [-87.9238496, 42.2719002], [-87.9238603, 42.2721146], [-87.9238233, 42.2723316], [-87.9238254, 42.2724341], [-87.9238576, 42.2725433], [-87.9239274, 42.2726504], [-87.9239864, 42.2727993], [-87.923981, 42.2729561], [-87.9240051, 42.2730037], [-87.9240722, 42.273099], [-87.9240641, 42.2731823], [-87.9240105, 42.2732458], [-87.9238603, 42.2733332], [-87.9237557, 42.2734423], [-87.9236806, 42.2736328], [-87.923641, 42.2739273], [-87.9236645, 42.2740496], [-87.9237342, 42.2741389], [-87.9237718, 42.2742183], [-87.9236913, 42.2743156], [-87.9235551, 42.2744235], [-87.9233882, 42.2745398], [-87.9231763, 42.2746649], [-87.9230422, 42.2746887], [-87.9229457, 42.2746807], [-87.9228759, 42.2746569], [-87.9228008, 42.2746728], [-87.9227418, 42.2747304], [-87.9226828, 42.2748296], [-87.9226587, 42.2749169], [-87.9226828, 42.2749963], [-87.922729, 42.2751062], [-87.9227579, 42.2751571], [-87.9227633, 42.2752146], [-87.922729, 42.2752649], [-87.9226056, 42.2753801], [-87.9224501, 42.2755706], [-87.9223803, 42.2757214], [-87.9223153, 42.2757862], [-87.922082, 42.2758318], [-87.9219237, 42.2758596], [-87.9218567, 42.2759271], [-87.9217843, 42.2760005], [-87.9217065, 42.2760402], [-87.9216019, 42.2761295], [-87.9215241, 42.2761434], [-87.9214195, 42.2761176], [-87.9213417, 42.2760938], [-87.9212478, 42.2760164], [-87.9211298, 42.2758795], [-87.9210386, 42.27581], [-87.9207758, 42.275677], [-87.9206658, 42.2756175], [-87.9205612, 42.2756135], [-87.9204619, 42.2756592], [-87.9202581, 42.2758298], [-87.9201535, 42.2759132], [-87.920108, 42.2760055], [-87.9200348, 42.2761078], [-87.919921, 42.2761574], [-87.9196832, 42.2762732], [-87.919551, 42.2763319], [-87.9194169, 42.2763063], [-87.9191628, 42.2760672], [-87.9191079, 42.276013], [-87.9189006, 42.2759544], [-87.9187888, 42.2758461], [-87.9187461, 42.2757137], [-87.918742, 42.2756355], [-87.9187298, 42.2755633], [-87.9184086, 42.2753843], [-87.9183334, 42.275279]], [[-87.9183334, 42.275279], [-87.9180888, 42.2754078], [-87.9179708, 42.275519], [-87.917724, 42.2757889]]]}}, {"type": "Feature", "properties": {"name": "Skokie Valley Bikeway", "surface": "asphalt", "distance": "6.6 mi", "network": "foot"}, "geometry": {"type": "MultiLineString", "coordinates": [[[-87.8026662, 42.152689], [-87.8026722, 42.1527038], [-87.8027341, 42.1527113], [-87.8031202, 42.152725], [-87.8038483, 42.1527151]], [[-87.8340795, 42.1994996], [-87.833577, 42.1987532], [-87.8326874, 42.1973844], [-87.8307305, 42.1943958], [-87.8304878, 42.1940172], [-87.8295117, 42.1924944], [-87.8286062, 42.1910509], [-87.8285642, 42.1908428], [-87.8276873, 42.1892764], [-87.8275376, 42.1890795], [-87.8275105, 42.1890393], [-87.8274444, 42.1889411], [-87.8273798, 42.1888399], [-87.8273379, 42.1887743], [-87.8272392, 42.1887163], [-87.8270708, 42.1886591], [-87.8269874, 42.1885943], [-87.8269491, 42.1885233], [-87.8269286, 42.1884096], [-87.8268166, 42.1881637], [-87.8253145, 42.1857279], [-87.8243275, 42.1842016], [-87.8234263, 42.1828278], [-87.8226881, 42.1817084], [-87.8226344, 42.1816396], [-87.8221604, 42.1809933], [-87.8218357, 42.1805947], [-87.8206282, 42.1791516], [-87.8199759, 42.1783311], [-87.8193522, 42.1774892], [-87.8193203, 42.1774461], [-87.8192549, 42.1773579], [-87.8179589, 42.1753479], [-87.8173065, 42.1743492], [-87.8164997, 42.1730768], [-87.8158388, 42.172091], [-87.8152724, 42.1712259], [-87.8148432, 42.1705007], [-87.8143883, 42.1696101], [-87.8139162, 42.168605], [-87.8135214, 42.1677653], [-87.8126803, 42.1663212], [-87.811676, 42.1647625], [-87.8105774, 42.163013], [-87.8103217, 42.1626505], [-87.8096247, 42.161556], [-87.808774, 42.1602537], [-87.8086807, 42.1602006], [-87.8086253, 42.1601593], [-87.8085643, 42.1600386], [-87.8085622, 42.1599426], [-87.8085564, 42.1599118]], [[-87.8343758, 42.200046], [-87.8344214, 42.2001284], [-87.8344872, 42.200194], [-87.8346588, 42.2003778], [-87.8349791, 42.2007989], [-87.8356314, 42.2017145], [-87.8365755, 42.2030751], [-87.836833, 42.2034503], [-87.836936, 42.2037936], [-87.8373137, 42.2041878], [-87.8379145, 42.2051987], [-87.8384724, 42.205968], [-87.8402048, 42.2086466], [-87.8402405, 42.2087018], [-87.8412018, 42.2101894], [-87.8425083, 42.2122005], [-87.8431759, 42.2132282], [-87.8439141, 42.2143406], [-87.8444891, 42.2152624], [-87.8448239, 42.2157328], [-87.8450642, 42.2161905], [-87.8456049, 42.2169406], [-87.8462513, 42.2179649]], [[-87.8340795, 42.1994996], [-87.8343758, 42.200046]], [[-87.8558297, 42.2326971], [-87.8568487, 42.2342919], [-87.8583508, 42.2365542], [-87.859197, 42.2378441]], [[-87.8557641, 42.2325946], [-87.85579, 42.2326349], [-87.8558297, 42.2326971]], [[-87.8084861, 42.1597946], [-87.8084899, 42.1597786], [-87.8085014, 42.1597294], [-87.8084877, 42.159669], [-87.8084422, 42.1595928], [-87.8083506, 42.1595077], [-87.808247, 42.1594449], [-87.8074017, 42.1581012], [-87.8063277, 42.1564597], [-87.806226, 42.1563097], [-87.8052559, 42.1548053], [-87.8045006, 42.1536536], [-87.8040293, 42.152897], [-87.8039522, 42.1527732], [-87.8039067, 42.1527362], [-87.8038483, 42.1527151]], [[-87.8085564, 42.1599118], [-87.8085273, 42.1598558], [-87.8084861, 42.1597946]], [[-87.8463583, 42.2181249], [-87.8469267, 42.2189874], [-87.8483, 42.221104], [-87.849699, 42.2232461], [-87.8511153, 42.2254516], [-87.8525143, 42.2275998], [-87.8539992, 42.2298624], [-87.8554068, 42.2320358], [-87.8557641, 42.2325946]], [[-87.8462513, 42.2179649], [-87.8463091, 42.2180503], [-87.8463583, 42.2181249]]]}}, {"type": "Feature", "properties": {"name": "Marsh Trails", "surface": "gravel", "distance": "4.4 mi", "network": "foot"}, "geometry": {"type": "MultiLineString", "coordinates": [[[-87.7994051, 42.4707132], [-87.7993151, 42.4707299], [-87.7993409, 42.4710072], [-87.7993286, 42.471052], [-87.7992183, 42.4712138], [-87.7991861, 42.4712837], [-87.7991706, 42.4713173], [-87.7991725, 42.471346]], [[-87.7991725, 42.471346], [-87.7991688, 42.4713947]], [[-87.7991688, 42.4713947], [-87.7991617, 42.4714893]], [[-87.7991617, 42.4714893], [-87.7991584, 42.4715211], [-87.7991662, 42.4715383], [-87.7992005, 42.4715532], [-87.7992521, 42.4715596], [-87.8020968, 42.4715205], [-87.8021784, 42.4715373], [-87.8022397, 42.4715711], [-87.8023077, 42.4716283], [-87.8023486, 42.4717126], [-87.8023532, 42.4718011], [-87.8023028, 42.4720242], [-87.8021687, 42.4726414], [-87.8020624, 42.4734136], [-87.8020549, 42.4734598], [-87.8019805, 42.4739219], [-87.8018637, 42.4746528], [-87.8017753, 42.4753785], [-87.8017487, 42.4755782], [-87.8016385, 42.4760403], [-87.8016446, 42.4760809], [-87.8016692, 42.4761075], [-87.8019666, 42.4762155], [-87.8022885, 42.4763084], [-87.8024709, 42.4763282], [-87.802597, 42.4763164], [-87.8028786, 42.476261], [-87.8031924, 42.4762174], [-87.8035304, 42.4761996], [-87.8037009, 42.4762066], [-87.8037865, 42.4762273], [-87.803809, 42.4762659], [-87.8038073, 42.4763337], [-87.8037683, 42.4764629], [-87.8037117, 42.4765987], [-87.803625, 42.4768088], [-87.8035224, 42.4771116], [-87.8033649, 42.4775697], [-87.8031614, 42.4780096], [-87.8029455, 42.4782928], [-87.802742, 42.4785146], [-87.8026977, 42.4785864], [-87.8026581, 42.4786714], [-87.8026728, 42.4787102], [-87.8026955, 42.4787348], [-87.8027334, 42.4787498], [-87.8027678, 42.4787581], [-87.8028297, 42.4787636], [-87.8031337, 42.4787467], [-87.8046736, 42.4788031], [-87.8047568, 42.4788338], [-87.8048075, 42.4788636], [-87.8048472, 42.4789007], [-87.8048612, 42.4789317], [-87.8048869, 42.4789833], [-87.8048939, 42.4790772], [-87.8048869, 42.4791745], [-87.8048356, 42.48033], [-87.8048612, 42.4804368], [-87.8049313, 42.4805384], [-87.8050364, 42.4805935], [-87.8053352, 42.4806503], [-87.8056365, 42.4807261], [-87.8058833, 42.4807869], [-87.8060848, 42.4808535], [-87.8062366, 42.4809327], [-87.8063694, 42.4810231], [-87.8064794, 42.4811256], [-87.8066004, 42.4812609], [-87.8067211, 42.4813672], [-87.8067685, 42.481422], [-87.806802, 42.4814705], [-87.8068193, 42.4815236], [-87.8068232, 42.4815619], [-87.8068165, 42.4816681], [-87.8068065, 42.4817549], [-87.8068082, 42.4818228], [-87.806826, 42.4820331], [-87.8068502, 42.4820864], [-87.8068734, 42.4822284]], [[-87.7991725, 42.471346], [-87.7996089, 42.4713611], [-87.7999994, 42.47136], [-87.8001111, 42.4713484], [-87.8002411, 42.4713152], [-87.8004573, 42.4712345], [-87.8005529, 42.47119], [-87.8006249, 42.4711421], [-87.8006751, 42.4710899], [-87.80074, 42.4709679], [-87.8007803, 42.4706837], [-87.8007745, 42.4703966], [-87.8007247, 42.470251], [-87.8006211, 42.4701166], [-87.800512, 42.4699096], [-87.8004888, 42.4696556], [-87.8005349, 42.4692752], [-87.8005866, 42.4690758], [-87.8008244, 42.4684351], [-87.800903, 42.4683347], [-87.8010372, 42.468257], [-87.8013727, 42.4681877], [-87.8017753, 42.4681679], [-87.8020744, 42.4682046], [-87.8023754, 42.4682301], [-87.8036234, 42.4682343], [-87.804028, 42.4682442], [-87.8041948, 42.4681961], [-87.804329, 42.4681226], [-87.8046089, 42.4679996], [-87.8047853, 42.4679642], [-87.8049156, 42.4679727], [-87.8051304, 42.468018], [-87.8052396, 42.4680279], [-87.8052799, 42.4680052], [-87.805297, 42.4679563], [-87.8053777, 42.4677379], [-87.8055656, 42.4674438], [-87.8058225, 42.467144], [-87.806181, 42.4668682], [-87.8065663, 42.4665995], [-87.8066057, 42.4664882], [-87.8066219, 42.4664425], [-87.8066066, 42.4661582], [-87.8065567, 42.4658768], [-87.8064551, 42.4656576], [-87.8061465, 42.4652008], [-87.8060679, 42.4649815], [-87.806041, 42.4647694], [-87.8059893, 42.464669], [-87.8058742, 42.4645771], [-87.8057776, 42.4644194], [-87.8057714, 42.4643763]], [[-87.8057714, 42.4643763], [-87.8057746, 42.4642707]], [[-87.8057746, 42.4642707], [-87.8057521, 42.4641997], [-87.8057078, 42.4641721], [-87.8056503, 42.4641271], [-87.8056383, 42.4640706], [-87.8056403, 42.4638006], [-87.805623, 42.4636897], [-87.8055751, 42.4636252], [-87.8055138, 42.4635022], [-87.805508, 42.4633636], [-87.8055847, 42.4630864], [-87.8056652, 42.4628389], [-87.8057707, 42.462515], [-87.8059126, 42.4622774], [-87.8060276, 42.4620242], [-87.8061024, 42.4617583], [-87.806133, 42.4614019], [-87.8062462, 42.4610525], [-87.8063689, 42.4608291], [-87.8064781, 42.4607357], [-87.8065797, 42.4606904], [-87.8067465, 42.4606848], [-87.8071568, 42.4606975], [-87.8076515, 42.4607343], [-87.8079371, 42.4607796], [-87.8081442, 42.4608234], [-87.8082419, 42.4608163], [-87.8083206, 42.4607767], [-87.8083972, 42.4607117], [-87.8084873, 42.4607046], [-87.8085755, 42.4607343], [-87.8087174, 42.4608658], [-87.8088459, 42.4609634], [-87.8089609, 42.461078], [-87.8090855, 42.4612223], [-87.809189, 42.4613099], [-87.8091995, 42.4613808], [-87.8091805, 42.4614628], [-87.8091751, 42.4617028], [-87.8091615, 42.4618288], [-87.8091941, 42.4619288], [-87.8092641, 42.4619642], [-87.809354, 42.4619708], [-87.8094675, 42.4620309]], [[-87.8014563, 42.4788622], [-87.8018881, 42.4789131], [-87.8020155, 42.4789145], [-87.8020881, 42.4789145], [-87.8021889, 42.478874], [-87.8022597, 42.4788192], [-87.802334, 42.4787722], [-87.8026955, 42.4787348]], [[-87.8046736, 42.4788031], [-87.8061841, 42.4788316], [-87.806446, 42.4787498], [-87.8105777, 42.4787429], [-87.8105497, 42.4786171], [-87.8105282, 42.4783757], [-87.8105899, 42.4781126], [-87.8106248, 42.4777882], [-87.8105738, 42.4774796], [-87.8106168, 42.4773728], [-87.8108152, 42.4771235], [-87.8108313, 42.4770444], [-87.8109038, 42.4766151], [-87.8108823, 42.4765201], [-87.8109172, 42.4764212], [-87.8110647, 42.4762629], [-87.8110835, 42.476168], [-87.8110245, 42.4760691], [-87.8109145, 42.4758673], [-87.8109789, 42.4755053], [-87.8110405, 42.4753826], [-87.8110835, 42.4752679], [-87.811062, 42.4751966], [-87.8109601, 42.4749454], [-87.8109279, 42.4747911], [-87.8109333, 42.4746328], [-87.811003, 42.4744587], [-87.8111612, 42.4740888], [-87.8111639, 42.473978], [-87.8113463, 42.4735744], [-87.811459, 42.4733152], [-87.8114965, 42.4731787], [-87.8115073, 42.4726901], [-87.8114992, 42.4724586], [-87.8118103, 42.471962], [-87.8118881, 42.4717305], [-87.8118854, 42.4716375], [-87.8117111, 42.4715406], [-87.8114, 42.4715406], [-87.8111371, 42.4715386], [-87.8107831, 42.4716138], [-87.8106194, 42.4716039], [-87.8103566, 42.4715406], [-87.8101393, 42.4715386], [-87.8100428, 42.471594], [-87.8099033, 42.4716217], [-87.8097665, 42.4716099], [-87.8095492, 42.4715327], [-87.8092944, 42.4715268], [-87.8091147, 42.4716039], [-87.8090503, 42.4716732], [-87.8089323, 42.4716831], [-87.8086883, 42.4715822], [-87.8084817, 42.4715208], [-87.807889, 42.4715208], [-87.8076315, 42.4715663], [-87.8074786, 42.4715643], [-87.8072855, 42.4715564], [-87.8070521, 42.4715881], [-87.8068992, 42.4715861], [-87.8068161, 42.4715545], [-87.8065827, 42.4715109], [-87.8062555, 42.4715109], [-87.8059765, 42.4715465], [-87.8056976, 42.4716019], [-87.8055527, 42.4716573], [-87.8054186, 42.4718611], [-87.8053435, 42.4720273], [-87.8053328, 42.4721282], [-87.8053623, 42.4722073], [-87.8053355, 42.4722647], [-87.8052872, 42.472326], [-87.8050887, 42.4723616], [-87.8050109, 42.4724724], [-87.8049653, 42.4725892], [-87.804901, 42.4728167], [-87.8047561, 42.4732539], [-87.8045737, 42.4736357], [-87.8045308, 42.473976], [-87.8044852, 42.4741501], [-87.8042599, 42.4748247], [-87.804209, 42.4751729], [-87.8040507, 42.4756477], [-87.803981, 42.4759009], [-87.8037865, 42.4762273]], [[-87.8063939, 42.4814893], [-87.8064514, 42.481458], [-87.8065261, 42.4813908], [-87.8065938, 42.481315], [-87.8066004, 42.4812609]], [[-87.8020624, 42.4734136], [-87.8020257, 42.4733825], [-87.8019717, 42.4733763], [-87.8018177, 42.4733658], [-87.8015488, 42.4733776], [-87.801078, 42.4733841], [-87.8006852, 42.4733919]], [[-87.8006852, 42.4733919], [-87.8001843, 42.4733907], [-87.7999738, 42.4733854], [-87.7996978, 42.4733906], [-87.7995279, 42.4734037], [-87.7994589, 42.4734011], [-87.7994005, 42.4733776], [-87.7993668, 42.4733397], [-87.7993598, 42.473281], [-87.7993686, 42.4731975], [-87.7993615, 42.4731074], [-87.7993509, 42.4730173], [-87.7993173, 42.4729769], [-87.7992412, 42.4729221], [-87.7991854, 42.472845], [-87.7991244, 42.4727485], [-87.7991262, 42.4726793], [-87.799158, 42.4725971], [-87.7992023, 42.4725344], [-87.7992288, 42.4724874], [-87.7992111, 42.4724509], [-87.7991173, 42.4723412], [-87.7990961, 42.4722877], [-87.7990695, 42.4721167], [-87.7990754, 42.4719441], [-87.7991438, 42.4715722], [-87.7991662, 42.4715383]]]}}, {"type": "Feature", "properties": {"name": "Lincolnshire-Riverwoods Bike Path", "surface": "asphalt", "distance": "3.5 mi", "network": "foot"}, "geometry": {"type": "MultiLineString", "coordinates": [[[-87.905992, 42.2002303], [-87.9060111, 42.1998647], [-87.9060111, 42.199794], [-87.9060111, 42.199603], [-87.9060267, 42.1994795], [-87.9060465, 42.199423], [-87.9060592, 42.1993497], [-87.9060634, 42.1992179], [-87.9060662, 42.1990535], [-87.9060648, 42.1988442], [-87.9060705, 42.1985857], [-87.9060761, 42.198345], [-87.9060804, 42.1980906], [-87.9060818, 42.1980317], [-87.9060804, 42.1979608], [-87.9060761, 42.197717], [-87.9060903, 42.1975882], [-87.906103, 42.1973737], [-87.9061001, 42.1972386], [-87.9061058, 42.1971801], [-87.9061058, 42.1971225], [-87.9060973, 42.1969246], [-87.9061044, 42.1966985], [-87.9061199, 42.1965572], [-87.9061114, 42.1962537], [-87.9061227, 42.1961197], [-87.9061213, 42.1960266], [-87.9061284, 42.1958769], [-87.9061284, 42.1958036], [-87.9061312, 42.1956466], [-87.9061284, 42.195431], [-87.9061355, 42.1951955], [-87.9061369, 42.19505], [-87.9061651, 42.1949401], [-87.9061736, 42.1948511], [-87.9061735, 42.1947895], [-87.9061736, 42.1946216], [-87.9061722, 42.1945298], [-87.9061397, 42.1944576], [-87.9061454, 42.1943372], [-87.9061552, 42.1940588], [-87.9061637, 42.1938641], [-87.906168, 42.1935134], [-87.9061835, 42.1922709], [-87.9061948, 42.1919778], [-87.9062146, 42.1914335], [-87.9062287, 42.1912158], [-87.9062267, 42.1911305], [-87.9062264, 42.1911161], [-87.9062344, 42.1909918], [-87.9062146, 42.1906694], [-87.9062259, 42.1904663], [-87.9062513, 42.1899534], [-87.9062457, 42.1897566], [-87.9062654, 42.1893902], [-87.9062658, 42.1892967], [-87.9062711, 42.1891389], [-87.9062688, 42.1887992], [-87.9062683, 42.1887244], [-87.9062739, 42.1884774], [-87.9062852, 42.1882554], [-87.9062993, 42.1879958], [-87.9063022, 42.1874636], [-87.9062965, 42.1871981], [-87.9062993, 42.1868087], [-87.9063135, 42.1866035], [-87.9062598, 42.1864758], [-87.9062428, 42.1864151], [-87.9062429, 42.1863338], [-87.9062428, 42.1862769], [-87.9063022, 42.1861638], [-87.906288, 42.1859021], [-87.9063107, 42.1855923], [-87.9063078, 42.1853138], [-87.9063078, 42.1852379], [-87.9063135, 42.1851358], [-87.9063389, 42.1849076], [-87.9063389, 42.1833519], [-87.9063446, 42.1832158], [-87.9063163, 42.1831007], [-87.9063163, 42.1830386], [-87.9063191, 42.182975], [-87.9063615, 42.1828703], [-87.9063615, 42.182282], [-87.9063361, 42.1821145], [-87.9062767, 42.1818276], [-87.9061581, 42.1814612], [-87.9059857, 42.1811387], [-87.9057427, 42.1807869], [-87.9054347, 42.1804687], [-87.9050165, 42.180142], [-87.9045531, 42.1798258], [-87.9039286, 42.1793966], [-87.9033804, 42.179026], [-87.9032561, 42.1789443], [-87.9031669, 42.1788879], [-87.9029509, 42.1787349], [-87.9022772, 42.1783011], [-87.9022615, 42.178291], [-87.9017359, 42.1779203], [-87.9013686, 42.1776712], [-87.9012188, 42.1775979], [-87.9011619, 42.1775663], [-87.9010832, 42.1775162], [-87.9009645, 42.1774073], [-87.9007554, 42.1772586], [-87.900422, 42.1769906], [-87.8998258, 42.1764629], [-87.8995573, 42.1761907], [-87.8994935, 42.1761253], [-87.8992979, 42.1759248], [-87.8991758, 42.1758128]], [[-87.9060305, 42.200577], [-87.9060378, 42.2007188], [-87.9060419, 42.2009511], [-87.9060327, 42.2010219], [-87.9060232, 42.2010959], [-87.90602, 42.201291], [-87.9060208, 42.201364], [-87.9060261, 42.2014705], [-87.9060196, 42.2015592], [-87.9060126, 42.2017906], [-87.906, 42.2019582], [-87.9060013, 42.2020213], [-87.9060095, 42.2020966], [-87.9060083, 42.2021728], [-87.9060025, 42.2023284], [-87.9060008, 42.2023646], [-87.9059975, 42.2024345], [-87.9059922, 42.2025454], [-87.9059974, 42.2027034], [-87.9059971, 42.2027854], [-87.905993, 42.2029879], [-87.9059864, 42.2031393], [-87.9059711, 42.2032175], [-87.9059781, 42.2033459], [-87.9059773, 42.2035134], [-87.9059672, 42.2036105], [-87.9059699, 42.2037494], [-87.9059686, 42.2040025], [-87.9059655, 42.2041206], [-87.9059661, 42.2041912], [-87.9059735, 42.2042657], [-87.9059741, 42.204322], [-87.9059694, 42.2044063], [-87.9059638, 42.2044872], [-87.9059432, 42.204525], [-87.9058907, 42.2045719], [-87.9058738, 42.2046069], [-87.9058709, 42.2046558], [-87.9058709, 42.2047092], [-87.9058709, 42.2047666], [-87.9058862, 42.2048405], [-87.9059183, 42.2048885], [-87.9059528, 42.2049158], [-87.9059557, 42.2049422], [-87.9059538, 42.2050292], [-87.9059441, 42.2051465], [-87.9059281, 42.2052425], [-87.9059177, 42.2053177], [-87.9059225, 42.2053825], [-87.9059309, 42.2054283], [-87.905942, 42.2054613], [-87.905942, 42.205518], [-87.905942, 42.205591], [-87.9059383, 42.2056774], [-87.9059447, 42.2058103], [-87.9059418, 42.2059219], [-87.9059484, 42.2060033], [-87.9059542, 42.206095], [-87.9059403, 42.206203], [-87.9059412, 42.2062871], [-87.9059463, 42.2064251], [-87.9059405, 42.2065267], [-87.9059341, 42.2067503], [-87.9059174, 42.2070209], [-87.9059202, 42.2072398], [-87.9059161, 42.2074063], [-87.9058964, 42.2075039], [-87.9059033, 42.2075385], [-87.9059096, 42.2075769], [-87.9059179, 42.2076654], [-87.9059171, 42.2077425], [-87.9059172, 42.2077896], [-87.9059175, 42.2078643], [-87.9059035, 42.2083174], [-87.9059044, 42.2084878], [-87.9059049, 42.208583], [-87.9059111, 42.2086261], [-87.9058993, 42.2086827], [-87.9059042, 42.2088245], [-87.9059112, 42.2089022], [-87.9059089, 42.2089304], [-87.9059053, 42.2089746], [-87.905892, 42.209031], [-87.905899, 42.2091254], [-87.9058989, 42.2093451], [-87.905913, 42.2094276], [-87.9059116, 42.2095331], [-87.9059109, 42.2096463], [-87.9058997, 42.2097621], [-87.9058915, 42.2098495], [-87.9058833, 42.2099053], [-87.9058968, 42.209965], [-87.9059009, 42.2100342], [-87.9058864, 42.2101587], [-87.905887, 42.2102409], [-87.9058802, 42.210431], [-87.9058797, 42.2104879], [-87.905879, 42.2105729], [-87.9058769, 42.2107484], [-87.9058921, 42.2108652], [-87.9058941, 42.211062], [-87.905884, 42.2111968], [-87.9058617, 42.2112806], [-87.9058131, 42.2113444], [-87.9058041, 42.2113774], [-87.9057994, 42.2114448], [-87.905794, 42.2115203], [-87.9057856, 42.2115727], [-87.9057768, 42.2116124], [-87.905782, 42.2116676], [-87.9058069, 42.2117463], [-87.9058135, 42.2118133], [-87.905792, 42.2118898], [-87.9057929, 42.2119779], [-87.9057892, 42.2122756], [-87.9057807, 42.2124874], [-87.9057683, 42.2125834], [-87.9057735, 42.2126538], [-87.905784, 42.2127932], [-87.9057816, 42.2129087], [-87.9057708, 42.2131045], [-87.9057624, 42.2132082], [-87.905773, 42.2132969], [-87.9057954, 42.2133356], [-87.905817, 42.2133727], [-87.9058018, 42.213413], [-87.9057784, 42.2134753], [-87.9057862, 42.2135736], [-87.9057781, 42.2136637], [-87.9057778, 42.2137739], [-87.9057734, 42.2139286], [-87.9057498, 42.214016], [-87.9057518, 42.2140997], [-87.9057733, 42.2141604], [-87.9057823, 42.2142155], [-87.9057706, 42.2142999], [-87.9057681, 42.2143617], [-87.9057978, 42.2144412], [-87.905846, 42.2144869], [-87.9058641, 42.2145275], [-87.9058695, 42.2146068], [-87.9058703, 42.214827], [-87.9058585, 42.2150432], [-87.9058593, 42.2152418], [-87.9058598, 42.2153512], [-87.9058666, 42.2155512], [-87.9058576, 42.215651], [-87.9058179, 42.2159271], [-87.9058155, 42.2160136], [-87.9058128, 42.2162116], [-87.9058108, 42.2164138], [-87.9058099, 42.2165095], [-87.9058323, 42.2165769], [-87.9058493, 42.2166327], [-87.9058528, 42.2167201], [-87.9058443, 42.2175239], [-87.9058433, 42.2175646], [-87.9058386, 42.2177619], [-87.9058392, 42.2182826], [-87.9058334, 42.218617], [-87.9058319, 42.2186439], [-87.9058228, 42.2188044], [-87.9058216, 42.2190252], [-87.9058192, 42.2191817], [-87.9058154, 42.2192413], [-87.9058177, 42.2193023], [-87.9058201, 42.2193637], [-87.9058041, 42.2193738], [-87.9057938, 42.2194716], [-87.9057751, 42.2195498], [-87.9058001, 42.2196352], [-87.9058003, 42.219713], [-87.9058126, 42.2197636], [-87.9058181, 42.2198349], [-87.9058211, 42.219892], [-87.9058283, 42.2199685], [-87.9058112, 42.2200823], [-87.9057855, 42.2201955], [-87.9057674, 42.2203056], [-87.9057644, 42.2206654], [-87.9057593, 42.2211642], [-87.9057618, 42.2215889], [-87.9057594, 42.2216364], [-87.9057586, 42.2216534], [-87.9057426, 42.2216948], [-87.9057014, 42.2217435], [-87.9056316, 42.2217769], [-87.9055285, 42.2217898]], [[-87.9066109, 42.2006358], [-87.9066024, 42.2006879], [-87.9065729, 42.2007598], [-87.9065433, 42.2008546], [-87.9065251, 42.2009437], [-87.906496, 42.2009993], [-87.9064322, 42.201057], [-87.9063805, 42.2010886], [-87.9063537, 42.2011236], [-87.9063544, 42.2011713], [-87.9063952, 42.2012572], [-87.9064309, 42.2013516], [-87.9064392, 42.201414], [-87.9064271, 42.2014679], [-87.9063952, 42.2015163], [-87.9063634, 42.2015867], [-87.9063581, 42.2016524], [-87.9063657, 42.2017469], [-87.9063952, 42.2019106], [-87.906406, 42.2019975], [-87.9064078, 42.2020342], [-87.9063853, 42.2020743], [-87.9063266, 42.2021632], [-87.9063113, 42.2022234], [-87.9062988, 42.2023028], [-87.9062771, 42.2023703], [-87.9062644, 42.2023822], [-87.9061101, 42.2023719], [-87.9060008, 42.2023646]]]}}, {"type": "Feature", "properties": {"name": "Fort Sheridan Forest Preserve", "surface": "asphalt", "distance": "3.4 mi", "network": "foot"}, "geometry": {"type": "MultiLineString", "coordinates": [[[-87.8120983, 42.2217673], [-87.8119833, 42.2217616], [-87.8116704, 42.2217134], [-87.8116192, 42.2217245], [-87.8115804, 42.2217559], [-87.8115335, 42.221799], [-87.8114977, 42.2218503], [-87.8114522, 42.2219033], [-87.8114039, 42.2219583], [-87.8113645, 42.2220234], [-87.8113127, 42.2220735], [-87.8112242, 42.2221053], [-87.8111008, 42.2220874], [-87.8109453, 42.2220914], [-87.8108582, 42.2221258], [-87.8107951, 42.2221668], [-87.8106072, 42.2222579], [-87.8104973, 42.222292], [-87.8102211, 42.2223396], [-87.8100075, 42.2223808], [-87.809926, 42.2224231], [-87.8098997, 42.2224591], [-87.8098871, 42.2225033], [-87.8099159, 42.2226236], [-87.8098992, 42.2226714], [-87.8098036, 42.2228734], [-87.8097705, 42.2229514], [-87.8097839, 42.2230269], [-87.8098402, 42.2231163], [-87.8099436, 42.2232047], [-87.8100548, 42.2233348], [-87.8100379, 42.2233943], [-87.8100328, 42.2234655], [-87.809983, 42.2234984], [-87.8099064, 42.2235213], [-87.8097141, 42.2235552], [-87.8094995, 42.2235552], [-87.8092447, 42.2235115], [-87.8090108, 42.2234169], [-87.8088977, 42.2233684], [-87.8088102, 42.2233308], [-87.8085913, 42.2232866], [-87.8084749, 42.2233169], [-87.8083328, 42.2234182], [-87.808247, 42.2235175], [-87.8081584, 42.2236029], [-87.8080807, 42.2236148], [-87.8079546, 42.2235533], [-87.8077867, 42.2234132]], [[-87.8124929, 42.2215855], [-87.8124446, 42.2216425], [-87.8123722, 42.2216941], [-87.8122971, 42.2217219], [-87.8122488, 42.2217398], [-87.8121549, 42.2217596], [-87.8120983, 42.2217673]], [[-87.811796, 42.2205509], [-87.8118116, 42.2205738], [-87.811817, 42.2205818], [-87.8118787, 42.2206413], [-87.8119028, 42.2207188], [-87.8119109, 42.2208102], [-87.8119484, 42.2208996], [-87.8119611, 42.2209157], [-87.811986, 42.2209472], [-87.812053, 42.2209969], [-87.8121549, 42.2210545], [-87.812325, 42.2211812], [-87.812354, 42.2212161], [-87.8124333, 42.2213119], [-87.8125009, 42.2214259], [-87.812517, 42.2215034], [-87.8124929, 42.2215855]], [[-87.8148853, 42.2193813], [-87.8148801, 42.219376], [-87.8148318, 42.2193502], [-87.8148023, 42.2193264], [-87.8147138, 42.2193661], [-87.814644, 42.2194158], [-87.8145126, 42.219519], [-87.8144053, 42.2195925], [-87.81429, 42.219668], [-87.8141559, 42.2197336], [-87.8139922, 42.2197971], [-87.813842, 42.2198408], [-87.8137589, 42.2198587], [-87.813598, 42.2198667], [-87.8134451, 42.2198746], [-87.8133217, 42.2198905], [-87.8132332, 42.2199223], [-87.8131474, 42.2199759], [-87.8129945, 42.2200931], [-87.812914, 42.2201547], [-87.8128282, 42.2201924], [-87.8127075, 42.2202262], [-87.8125814, 42.2202441], [-87.8124392, 42.2202441], [-87.8122971, 42.220254], [-87.8121657, 42.2202639], [-87.8120262, 42.2202878], [-87.8118787, 42.2203196], [-87.8117902, 42.2203633], [-87.811758, 42.2204169], [-87.811758, 42.2204644]], [[-87.8154085, 42.2197117], [-87.8152717, 42.2196343], [-87.8151805, 42.2195647], [-87.8150544, 42.219519], [-87.8149927, 42.2194873], [-87.8149838, 42.2194786], [-87.8149526, 42.2194484]], [[-87.8158054, 42.2199243], [-87.8154085, 42.2197117]], [[-87.8177934, 42.2192305], [-87.8176544, 42.2192911], [-87.8175183, 42.2193205], [-87.8173953, 42.219303], [-87.8172926, 42.2192609], [-87.8171906, 42.2192176], [-87.8170793, 42.219186], [-87.8169496, 42.2191716], [-87.8168246, 42.219179], [-87.816704, 42.2192012], [-87.8165564, 42.2192886], [-87.8164284, 42.2194011], [-87.8164116, 42.2194158], [-87.8163553, 42.2195111], [-87.8162802, 42.2196601], [-87.8162453, 42.2197594], [-87.8162131, 42.2198567], [-87.8161729, 42.2199104], [-87.8161166, 42.2199501], [-87.8160056, 42.2199683], [-87.8159744, 42.2199739], [-87.8158832, 42.219958], [-87.8158054, 42.2199243]], [[-87.8179553, 42.2190347], [-87.8177934, 42.2192305]], [[-87.8205766, 42.2182198], [-87.8205472, 42.2182641], [-87.8205422, 42.2182716], [-87.8205207, 42.218363], [-87.8204671, 42.2184424], [-87.8203813, 42.2185139], [-87.8202552, 42.2185497], [-87.8200943, 42.2185854], [-87.8199682, 42.2185993], [-87.8197912, 42.2185775], [-87.8196061, 42.2185596], [-87.8193942, 42.2185199], [-87.8192091, 42.218508], [-87.8190858, 42.2185278], [-87.8189838, 42.2185715], [-87.8188873, 42.2186331], [-87.8188068, 42.2186967], [-87.8186861, 42.2187761], [-87.8185976, 42.2188198], [-87.8184501, 42.2188635], [-87.8183321, 42.2188854], [-87.8181926, 42.2188953], [-87.8180515, 42.2189342], [-87.8179553, 42.2190347]], [[-87.8160056, 42.2199683], [-87.81603, 42.2200732], [-87.8161342, 42.2201878], [-87.8162153, 42.2203172], [-87.8162051, 42.2204983]], [[-87.8162051, 42.2204983], [-87.8161935, 42.2205394], [-87.8161801, 42.2205865]], [[-87.8161801, 42.2205865], [-87.8161276, 42.2206745], [-87.8160458, 42.2207591], [-87.815941, 42.2207846], [-87.8158169, 42.2207831], [-87.8156773, 42.2207465], [-87.8155771, 42.2207573], [-87.8155094, 42.2207929], [-87.815468, 42.220835], [-87.8154345, 42.2208973], [-87.8154443, 42.2209475], [-87.8154417, 42.221005], [-87.8154086, 42.221041], [-87.8153604, 42.2210821]], [[-87.8153604, 42.2210821], [-87.8151882, 42.2212594]], [[-87.8151882, 42.2212594], [-87.8150248, 42.2214004], [-87.8148854, 42.2214655], [-87.8147294, 42.221508], [-87.8145659, 42.2215074], [-87.8144259, 42.2214683], [-87.8142154, 42.2214055], [-87.8140388, 42.2214237], [-87.81391, 42.2214032], [-87.8137422, 42.2213321], [-87.8136537, 42.2213208], [-87.8136388, 42.2213202], [-87.8135717, 42.2213179], [-87.8134187, 42.2213426], [-87.8133254, 42.221416], [-87.8132525, 42.2214773], [-87.8131765, 42.2215153], [-87.8130683, 42.2215349], [-87.8129858, 42.2215623], [-87.8129529, 42.2215751], [-87.8128855, 42.2215899], [-87.8128387, 42.2215596], [-87.8127961, 42.2215347], [-87.8127544, 42.2215314], [-87.8127098, 42.2215214]], [[-87.8125875, 42.2215597], [-87.8124929, 42.2215855]], [[-87.8100849, 42.2240722], [-87.8100622, 42.2241414], [-87.8100544, 42.2241652], [-87.8100594, 42.2242404], [-87.8100612, 42.2242685], [-87.8101063, 42.2243418], [-87.810173, 42.2243912], [-87.810264, 42.2244356], [-87.8104153, 42.2244561], [-87.810567, 42.2244878], [-87.810703, 42.2245522], [-87.8108408, 42.2246279], [-87.8109358, 42.2247246], [-87.8110111, 42.2248379], [-87.811042, 42.2249336], [-87.8110463, 42.2249968], [-87.8109645, 42.2250048], [-87.8108349, 42.2250014], [-87.8107099, 42.2250044], [-87.8106439, 42.2250088], [-87.8105987, 42.2250289]], [[-87.8103624, 42.2239405], [-87.8102507, 42.2239721], [-87.8101501, 42.2240181], [-87.8100849, 42.2240722]], [[-87.8190686, 42.2211916], [-87.8187472, 42.2209777], [-87.8186772, 42.2209404], [-87.818549, 42.2209036], [-87.8183519, 42.2208759], [-87.8181945, 42.2208768], [-87.818029, 42.2208982], [-87.8178407, 42.2209872], [-87.8176539, 42.22113], [-87.8174913, 42.2212684], [-87.8173817, 42.2213436], [-87.8172664, 42.2213941], [-87.8171547, 42.221424], [-87.8169468, 42.2214602], [-87.8166789, 42.2214731], [-87.8164624, 42.2215223], [-87.8161867, 42.2216234], [-87.8160478, 42.2216969], [-87.8158353, 42.2218946], [-87.8157043, 42.2221061], [-87.8156265, 42.2222714], [-87.8155287, 42.2223988], [-87.8153507, 42.222584], [-87.8152086, 42.2226985], [-87.8150982, 42.2227715], [-87.8149352, 42.2228837], [-87.8146922, 42.2230027], [-87.8144103, 42.2231011], [-87.8141368, 42.223165], [-87.8138424, 42.223195], [-87.8135997, 42.2232079], [-87.8131752, 42.2231857], [-87.8129278, 42.2231929], [-87.8126904, 42.22324], [-87.8124864, 42.2233135], [-87.812267, 42.2234314], [-87.8120595, 42.2236006], [-87.8117998, 42.223833], [-87.811585, 42.2239712], [-87.8114321, 42.2240227], [-87.8112928, 42.2240483], [-87.8111535, 42.2240554], [-87.8110023, 42.2240609], [-87.8107824, 42.2240372], [-87.8105958, 42.2239871], [-87.8104542, 42.2239561], [-87.8103624, 42.2239405]], [[-87.8191502, 42.2212459], [-87.8190686, 42.2211916]], [[-87.8207962, 42.2213373], [-87.8207688, 42.2213072], [-87.820688, 42.2212208], [-87.8205728, 42.2211415], [-87.820478, 42.221097], [-87.8203547, 42.2210471], [-87.820196, 42.2210476], [-87.8200357, 42.2210956], [-87.819937, 42.2211493], [-87.8197369, 42.2212617], [-87.8195331, 42.2213412], [-87.8193292, 42.2213432], [-87.8191978, 42.2212776], [-87.8191502, 42.2212459]], [[-87.8209257, 42.2214664], [-87.8207962, 42.2213373]], [[-87.8149651, 42.2248061], [-87.815098, 42.2248466], [-87.8152341, 42.2248914], [-87.8154631, 42.2249176], [-87.815769, 42.2249387], [-87.8161019, 42.2248793], [-87.8163786, 42.2248138], [-87.8166719, 42.2246734], [-87.8169292, 42.2245908], [-87.8171415, 42.2245619], [-87.8173094, 42.2245588], [-87.8175771, 42.2245974], [-87.8177926, 42.224702], [-87.8179853, 42.2248708], [-87.8181209, 42.2249687], [-87.8183255, 42.2250369], [-87.8185854, 42.2250628], [-87.8188509, 42.2250264], [-87.8190214, 42.224951], [-87.8191728, 42.2248288], [-87.8192413, 42.2246196], [-87.8192576, 42.2243545], [-87.8192864, 42.2242072], [-87.8194602, 42.224034], [-87.8196645, 42.2238936], [-87.8198777, 42.2238131], [-87.8199819, 42.2237591], [-87.8200424, 42.2236776], [-87.8200696, 42.2235777], [-87.8200725, 42.2235277], [-87.8200765, 42.2234594], [-87.8200953, 42.2233442], [-87.8201649, 42.2232803], [-87.8202696, 42.2232429], [-87.8204099, 42.2232036], [-87.8204755, 42.2231532], [-87.8205005, 42.2230892], [-87.8205642, 42.2230146], [-87.8206437, 42.2229286], [-87.8207621, 42.2228921], [-87.8209107, 42.2228416], [-87.8210765, 42.2227726], [-87.8212119, 42.2226665], [-87.8213398, 42.2224921], [-87.821428, 42.2223335], [-87.8215356, 42.2222179], [-87.8218414, 42.2220869], [-87.8220238, 42.2220352], [-87.8220731, 42.2219152], [-87.8220291, 42.2216896], [-87.821954, 42.2216022], [-87.821762, 42.2215259], [-87.821601, 42.2215259], [-87.8214026, 42.2215378], [-87.8212416, 42.2216133], [-87.8211075, 42.2216213], [-87.8209562, 42.2215068], [-87.8209257, 42.2214664]], [[-87.8143913, 42.2246086], [-87.8149651, 42.2248061]], [[-87.8110463, 42.2249968], [-87.8110477, 42.225249], [-87.8109213, 42.2254881], [-87.8109387, 42.2256775], [-87.8111032, 42.2258515], [-87.8112938, 42.2259342], [-87.8115038, 42.2259592], [-87.8117193, 42.2259389], [-87.8119199, 42.2258853], [-87.8121064, 42.2257815], [-87.8122485, 42.225641], [-87.8123112, 42.2254687], [-87.8124095, 42.2253252], [-87.8126246, 42.2252112], [-87.8129101, 42.2251748], [-87.8131575, 42.225222], [-87.8133564, 42.2252362], [-87.8135662, 42.2251778], [-87.8136885, 42.2250823], [-87.8137436, 42.2249466], [-87.8137372, 42.2248151], [-87.8138367, 42.2246845], [-87.8140097, 42.224586], [-87.8141935, 42.224574], [-87.8143913, 42.2246086]], [[-87.8148842, 42.2158902], [-87.8149504, 42.2160196], [-87.8149942, 42.2161], [-87.8150599, 42.2160954], [-87.815139, 42.2160669], [-87.8152811, 42.2160397], [-87.8154231, 42.2160509], [-87.8155793, 42.2160751], [-87.8157512, 42.2161299], [-87.815887, 42.2161877], [-87.8160708, 42.2162996], [-87.8161338, 42.2163618], [-87.8162028, 42.2165863], [-87.8162535, 42.2167101], [-87.8163123, 42.2168113], [-87.8164124, 42.2168896], [-87.8164637, 42.2169273], [-87.81653, 42.216976], [-87.81663, 42.2170797], [-87.8166848, 42.2171709], [-87.8167128, 42.2172681], [-87.8167043, 42.2173353], [-87.8166563, 42.2174395], [-87.8166001, 42.2175651], [-87.8165775, 42.2176709], [-87.816586, 42.2177914], [-87.8165691, 42.2178743], [-87.8165273, 42.2179644], [-87.8164405, 42.2181404], [-87.8163662, 42.2182284], [-87.8162759, 42.2183224], [-87.8160089, 42.2185591], [-87.8157231, 42.2187669], [-87.815485, 42.2189892], [-87.8152603, 42.2191281], [-87.8148023, 42.2193264]], [[-87.8168516, 42.2174653], [-87.8166563, 42.2174395]], [[-87.8127174, 42.2226938], [-87.8127249, 42.2227499], [-87.8129344, 42.2227381], [-87.8131457, 42.222749], [-87.8133067, 42.222793], [-87.8134687, 42.222885], [-87.8135848, 42.2230204], [-87.8136056, 42.2231281], [-87.8135997, 42.2232079]]]}}, {"type": "Feature", "properties": {"name": "Buffalo Creek Forest Preserve Trail", "surface": "gravel", "distance": "3.2 mi", "network": "foot"}, "geometry": {"type": "MultiLineString", "coordinates": [[[-87.9970715, 42.156112], [-87.9970209, 42.1560962], [-87.9968982, 42.156071], [-87.9967407, 42.1560672], [-87.996554, 42.156073], [-87.9964439, 42.1560849], [-87.9963566, 42.1561096], [-87.9962538, 42.1561479], [-87.9960595, 42.156312], [-87.9959234, 42.156418], [-87.9958495, 42.1564721], [-87.9957951, 42.1565038], [-87.9956744, 42.1565754], [-87.9955511, 42.1566291], [-87.9954437, 42.1566649], [-87.9953552, 42.1567106], [-87.9952881, 42.1567762], [-87.9952614, 42.1568398], [-87.9952345, 42.1569373], [-87.9951916, 42.1569989], [-87.9951245, 42.1570447], [-87.9950186, 42.1570775], [-87.994912, 42.1570859], [-87.9948292, 42.1571001], [-87.9947383, 42.1571362], [-87.9946913, 42.1571849], [-87.9946578, 42.1572415], [-87.9946391, 42.1572972], [-87.9945908, 42.1573648], [-87.9945273, 42.1573998]], [[-88.007543, 42.160439], [-88.0075351, 42.1603194], [-88.007519, 42.1602399], [-88.0074547, 42.1601126], [-88.0073635, 42.1599575], [-88.0073309, 42.1598925], [-88.0072937, 42.1598183], [-88.0072669, 42.159707], [-88.0072615, 42.1595559], [-88.007283, 42.1594684], [-88.0073366, 42.1593849], [-88.0074439, 42.1592736], [-88.0075673, 42.1591185], [-88.0076317, 42.1589554], [-88.0076585, 42.1588123], [-88.0075995, 42.1586413], [-88.0074761, 42.1584782], [-88.0072776, 42.1582993], [-88.0069719, 42.1580726], [-88.0067841, 42.1579215], [-88.0066071, 42.1577267], [-88.0064462, 42.1574722], [-88.0063925, 42.1573091], [-88.0063979, 42.157166], [-88.0064515, 42.1570029], [-88.0066071, 42.1567206], [-88.0067197, 42.1565337], [-88.006768, 42.1564183], [-88.0067531, 42.1563492], [-88.0067466, 42.1563189], [-88.0065374, 42.1560087], [-88.0064515, 42.1558974], [-88.0064193, 42.1557661], [-88.0064193, 42.1556588], [-88.0064783, 42.1555554], [-88.0065722, 42.1554698], [-88.006646, 42.1554103], [-88.0066447, 42.1553626], [-88.0066413, 42.1553193], [-88.0066255, 42.1552231], [-88.006591, 42.1551955], [-88.006423, 42.1551126], [-88.0062316, 42.1550887], [-88.0060814, 42.1550503], [-88.0058883, 42.1549628], [-88.0056522, 42.1548634], [-88.0055235, 42.1548316], [-88.0053786, 42.1548356], [-88.0051533, 42.1548793], [-88.0049441, 42.154931], [-88.0047886, 42.154931], [-88.0045525, 42.1548873], [-88.0044234, 42.154847], [-88.004379, 42.1548331], [-88.0043487, 42.1548236], [-88.0041555, 42.1547998], [-88.0039938, 42.1547952], [-88.003939, 42.1547984], [-88.0038595, 42.1548182], [-88.0036835, 42.1548674], [-88.0035437, 42.1548893], [-88.0034249, 42.154881], [-88.0033213, 42.1548568], [-88.0028788, 42.1547123], [-88.0026944, 42.1546763], [-88.0025345, 42.1546727], [-88.002384, 42.1546822], [-88.0022113, 42.1547221], [-88.0019998, 42.1547982], [-88.0017308, 42.1548943], [-88.0015012, 42.1549688], [-88.0013517, 42.1549917], [-88.0011719, 42.1549887], [-88.0010335, 42.1549587], [-88.0008725, 42.1549549], [-88.0007599, 42.1549748], [-88.0005775, 42.1550464], [-88.0003953, 42.155174], [-88.000261, 42.1553048], [-88.0001644, 42.1554281], [-88.0001, 42.1555792], [-88.0000658, 42.1556489], [-87.9999606, 42.1557224], [-87.9998104, 42.1558019]], [[-87.9943954, 42.1574259], [-87.9943226, 42.1574403], [-87.9941348, 42.1574483], [-87.9938612, 42.1574682], [-87.9936949, 42.1574881], [-87.9935876, 42.1575199], [-87.9934763, 42.1576392], [-87.9934482, 42.1577545], [-87.9934321, 42.1578818], [-87.9934106, 42.158009], [-87.9933623, 42.1581005], [-87.9933036, 42.1581611], [-87.9931853, 42.1582934]], [[-87.9910496, 42.1597106], [-87.990936, 42.1596963], [-87.9908143, 42.1596919], [-87.9905656, 42.1597071], [-87.9903088, 42.1597242], [-87.9901376, 42.1597328], [-87.9900199, 42.1597255]], [[-88.006646, 42.1554103], [-88.0067469, 42.1553582], [-88.0068783, 42.1553035], [-88.0069722, 42.1552946], [-88.0070902, 42.1552986], [-88.0072324, 42.1553324], [-88.0073316, 42.1553642], [-88.0074684, 42.155404], [-88.0075636, 42.1554189], [-88.007632, 42.1554268], [-88.0077313, 42.1554338], [-88.0078399, 42.1554328], [-88.0079485, 42.1554169], [-88.0080786, 42.1553801], [-88.0081765, 42.1553413], [-88.0082382, 42.1553145], [-88.0083267, 42.1552847], [-88.0084193, 42.1552648], [-88.0085185, 42.1552528], [-88.0086325, 42.1552499], [-88.0087277, 42.1552588], [-88.0088229, 42.1552767], [-88.0089101, 42.1552996], [-88.0089705, 42.1553204], [-88.0090362, 42.1553533], [-88.0090965, 42.155395], [-88.0092052, 42.1554865], [-88.0093071, 42.155572], [-88.0093916, 42.1556465], [-88.0094653, 42.1557052], [-88.0095485, 42.1557649], [-88.009633, 42.1558245], [-88.0097148, 42.1558762], [-88.0097952, 42.1559269], [-88.0098891, 42.1559766], [-88.0099723, 42.1560204], [-88.0100084, 42.1560384], [-88.0100742, 42.1560711], [-88.0101895, 42.1561138], [-88.0103679, 42.1561854], [-88.0104819, 42.1562252], [-88.0106401, 42.1562789], [-88.010738, 42.1563007], [-88.0108856, 42.1563335], [-88.0110277, 42.1563643], [-88.0112396, 42.1563952], [-88.0114019, 42.1564151], [-88.0115575, 42.156423], [-88.0117278, 42.156429], [-88.0119088, 42.156428], [-88.0120577, 42.156422], [-88.0121958, 42.1564111], [-88.0123205, 42.1563972], [-88.0124627, 42.1563812], [-88.0125713, 42.1563698], [-88.0126719, 42.1563465], [-88.0128154, 42.1563127], [-88.012979, 42.1562729], [-88.013097, 42.1562341], [-88.0132365, 42.1561844], [-88.0133599, 42.1561387], [-88.0134793, 42.156087], [-88.0135852, 42.1560393], [-88.0136858, 42.1559885], [-88.0138038, 42.1559229], [-88.0139031, 42.1558692], [-88.0139889, 42.1558235], [-88.0140747, 42.1557837], [-88.0141592, 42.1557509], [-88.0142517, 42.1557181], [-88.014359, 42.1556823], [-88.0144583, 42.1556545], [-88.0145682, 42.1556316], [-88.0146863, 42.1556117], [-88.0148083, 42.1555988], [-88.0149183, 42.1555859], [-88.0150537, 42.1555809], [-88.0152039, 42.1555789], [-88.01533, 42.1555869], [-88.0154453, 42.1555988], [-88.0155767, 42.1556197], [-88.0157149, 42.1556505], [-88.0158557, 42.1556863], [-88.0159898, 42.1557301], [-88.0161038, 42.1557748], [-88.0162097, 42.1558195], [-88.0163264, 42.1558792], [-88.0164337, 42.1559458], [-88.0165316, 42.1560154], [-88.0166429, 42.1561019], [-88.0167288, 42.1561824], [-88.0168347, 42.1562997], [-88.0168964, 42.1563703], [-88.0169661, 42.1564489], [-88.0170493, 42.1565304], [-88.0171351, 42.156603], [-88.0172303, 42.1566785], [-88.0173162, 42.1567401], [-88.0174194, 42.1568048], [-88.0175307, 42.1568654], [-88.0176528, 42.1569251], [-88.017756, 42.1569718], [-88.0178714, 42.1570135], [-88.017984, 42.1570513], [-88.018098, 42.1570841], [-88.0182174, 42.157113], [-88.0183461, 42.1571378], [-88.0184601, 42.1571547], [-88.0185714, 42.1571676], [-88.0186988, 42.1571835], [-88.0187619, 42.1571955], [-88.0187967, 42.1572104], [-88.0188155, 42.1572313], [-88.0188531, 42.1572591], [-88.0188906, 42.157271], [-88.0189469, 42.157278], [-88.0190531, 42.1572814]], [[-88.0106401, 42.1562789], [-88.0105449, 42.1562977], [-88.0104591, 42.1563186], [-88.010384, 42.1563474], [-88.0103156, 42.1563852], [-88.0102459, 42.156432], [-88.0101976, 42.1564727], [-88.0101815, 42.1565344], [-88.0101654, 42.1566059], [-88.0101667, 42.1566646], [-88.0101842, 42.1567362], [-88.0102244, 42.1568048], [-88.010274, 42.1568585], [-88.0103317, 42.1569002], [-88.0104028, 42.15694], [-88.0104738, 42.1569947], [-88.0105329, 42.1570563], [-88.0105717, 42.1571209], [-88.0105972, 42.1571826], [-88.0106053, 42.1572114], [-88.0106053, 42.157279]], [[-87.9924141, 42.1551927], [-87.9923218, 42.1552508], [-87.9922467, 42.1552827], [-87.9921582, 42.1552986], [-87.9920804, 42.1553025], [-87.9920281, 42.1553006], [-87.9919544, 42.1552747], [-87.9918068, 42.1552131], [-87.9916915, 42.1551475], [-87.9915842, 42.1550818], [-87.9914823, 42.1550023], [-87.9913482, 42.1548969], [-87.9912409, 42.1548035], [-87.9911417, 42.1547319], [-87.9909968, 42.1546305], [-87.9907849, 42.1545032], [-87.9906159, 42.1544117], [-87.9904711, 42.1543481], [-87.9903343, 42.1543044], [-87.9902699, 42.1542924], [-87.9902109, 42.1542904]], [[-87.989763, 42.1543024], [-87.9895431, 42.1543163], [-87.9894061, 42.1543192], [-87.989358, 42.1543203], [-87.9891434, 42.1543183], [-87.9889449, 42.1543083], [-87.9887223, 42.1542865], [-87.9884809, 42.1542487], [-87.9882824, 42.1542129], [-87.9881242, 42.154199], [-87.9879927, 42.1542049], [-87.9878694, 42.1542208], [-87.9877057, 42.1542566], [-87.9875716, 42.1543064], [-87.9874563, 42.154368], [-87.9873544, 42.1544416], [-87.9872444, 42.154545], [-87.9871693, 42.1546444], [-87.987113, 42.1547458], [-87.9870701, 42.1548412], [-87.9870379, 42.1549446], [-87.9870271, 42.15505], [-87.9870245, 42.1551614], [-87.9870379, 42.1552707], [-87.9870727, 42.155402], [-87.9870835, 42.1555193], [-87.9870781, 42.1556426], [-87.987062, 42.1557241], [-87.9870325, 42.1558354], [-87.9869842, 42.1559448], [-87.986967, 42.1559993], [-87.9869547, 42.1560382], [-87.9869413, 42.1561277], [-87.9869467, 42.1562331], [-87.9869547, 42.1563246], [-87.9869762, 42.1563962], [-87.986995, 42.1564518], [-87.9870149, 42.156477]], [[-87.9894061, 42.1543192], [-87.9893875, 42.154374], [-87.989358, 42.1544097], [-87.9893097, 42.1544436], [-87.9892534, 42.1544614], [-87.9891783, 42.1544694], [-87.9891013, 42.1544618]], [[-87.9864382, 42.1563835], [-87.9865229, 42.1563415], [-87.9866208, 42.1562928], [-87.986708, 42.1562391], [-87.9867924, 42.1561754], [-87.9868555, 42.1561158], [-87.9869145, 42.1560581], [-87.986967, 42.1559993]], [[-87.9927883, 42.1587537], [-87.992783, 42.1588719], [-87.9928112, 42.1590827], [-87.9928098, 42.1592974], [-87.9928098, 42.1593889], [-87.9927669, 42.1595042], [-87.9927133, 42.1595678], [-87.9926462, 42.1596315], [-87.9925362, 42.1597089], [-87.9924235, 42.1597568], [-87.9922868, 42.1597955], [-87.9921152, 42.1598283], [-87.9919153, 42.1598492], [-87.9917744, 42.1598561], [-87.9915894, 42.1598472], [-87.9914311, 42.1598163], [-87.9912649, 42.1597647], [-87.9911683, 42.1597328], [-87.9910496, 42.1597106]], [[-87.9863752, 42.1583321], [-87.986292, 42.1582178], [-87.9861982, 42.1581382], [-87.986107, 42.1580846], [-87.9860345, 42.1580408], [-87.9859273, 42.1579772], [-87.9858307, 42.1578619], [-87.9857288, 42.1576949], [-87.9856966, 42.1575954], [-87.9856966, 42.157504], [-87.9857234, 42.1574165], [-87.9857985, 42.1572932], [-87.9858682, 42.1572256], [-87.9859755, 42.1571739], [-87.9860828, 42.1571421], [-87.986292, 42.15715], [-87.9864583, 42.1571739], [-87.9866354, 42.157166], [-87.9867856, 42.1571182], [-87.986925, 42.1570506], [-87.9870431, 42.1569313], [-87.9871021, 42.1568279], [-87.9871289, 42.1566888], [-87.9871074, 42.1566052], [-87.9870665, 42.1565351], [-87.9870149, 42.156477], [-87.9869418, 42.1564427], [-87.9868607, 42.1564183], [-87.9867454, 42.1563934], [-87.9866293, 42.1563845], [-87.9864382, 42.1563835], [-87.9862712, 42.1564039], [-87.9860989, 42.1563985], [-87.9859769, 42.1563915], [-87.9858629, 42.1563805], [-87.9856268, 42.1563308], [-87.9854713, 42.1562632], [-87.9853318, 42.1561559], [-87.9852513, 42.1560326], [-87.9852299, 42.1559332], [-87.9852245, 42.1558019], [-87.9852299, 42.1556349], [-87.9852674, 42.1554679], [-87.9853103, 42.1552889], [-87.9853318, 42.155106], [-87.9853264, 42.154935], [-87.9852621, 42.1547362], [-87.9852062, 42.154477], [-87.9852031, 42.1543902], [-87.9852227, 42.154238], [-87.9852835, 42.1541078], [-87.9853192, 42.1540402], [-87.9853318, 42.1539448], [-87.9852782, 42.1538453], [-87.9852051, 42.1537927], [-87.9851583, 42.1537848]], [[-87.9998104, 42.1558019], [-87.9996189, 42.1558037]], [[-87.9994632, 42.1558053], [-87.9993973, 42.1558059], [-87.9992096, 42.1558377], [-87.9989145, 42.1559332], [-87.9984107, 42.1561869], [-87.9982555, 42.1562428], [-87.9980829, 42.15629], [-87.9979661, 42.1563016], [-87.9978642, 42.1563076], [-87.9976494, 42.1562928], [-87.997476, 42.1562577], [-87.9970715, 42.156112]], [[-87.9851583, 42.1537848], [-87.9850594, 42.1537681], [-87.9849121, 42.1537664], [-87.984816, 42.1537854]]]}}, {"type": "Feature", "properties": {"name": "Tamarack View Trail", "surface": "unpaved", "distance": "2.9 mi", "network": "foot"}, "geometry": {"type": "MultiLineString", "coordinates": [[[-88.1882551, 42.3519912], [-88.1881565, 42.3520383], [-88.1881077, 42.3520819], [-88.1880955, 42.3521164], [-88.1880955, 42.3522081], [-88.1880793, 42.3523192], [-88.1880366, 42.3524649], [-88.1880447, 42.352522], [-88.1880406, 42.3525641], [-88.1880264, 42.3526152]], [[-88.1885327, 42.3526847], [-88.1882748, 42.3526258], [-88.1881565, 42.3525956], [-88.1880264, 42.3526152], [-88.1879065, 42.3526362], [-88.1878618, 42.3526557], [-88.1878008, 42.3527158], [-88.1877622, 42.3527383], [-88.1876747, 42.3527398], [-88.187569, 42.3527804], [-88.1874194, 42.3527979], [-88.1874024, 42.3527999], [-88.1873659, 42.3528316], [-88.1872987, 42.3528901], [-88.1872662, 42.3528961], [-88.187256, 42.3528871]], [[-88.1874194, 42.3527979], [-88.1874362, 42.3528487], [-88.1874514, 42.3528948], [-88.1873495, 42.3530395], [-88.1872449, 42.3531228], [-88.1871269, 42.3531505], [-88.186915, 42.3531624], [-88.1867997, 42.353206], [-88.1867567, 42.3534241], [-88.1866843, 42.3535628], [-88.1866062, 42.3537554], [-88.1865941, 42.3538475], [-88.1865551, 42.3540288], [-88.1865511, 42.354128], [-88.1865572, 42.3542316], [-88.1865003, 42.3543593], [-88.1864088, 42.3544675], [-88.1862584, 42.3546267], [-88.1861384, 42.3547499], [-88.18586, 42.3548761], [-88.1856262, 42.3551915], [-88.1853921, 42.3556422], [-88.1854043, 42.355674], [-88.1854308, 42.3556945], [-88.1854753, 42.3557077], [-88.185529, 42.355709], [-88.1856553, 42.3556636], [-88.1856966, 42.355687], [-88.1857053, 42.3557366], [-88.1856633, 42.3558064], [-88.1856132, 42.3558787], [-88.1855023, 42.3559571], [-88.1853292, 42.3559959], [-88.1850363, 42.356005], [-88.1849617, 42.3560185], [-88.1848976, 42.3560971], [-88.1848273, 42.3562265], [-88.1846627, 42.3564368], [-88.1846342, 42.3565419], [-88.1846545, 42.3566306], [-88.1846741, 42.3566751], [-88.1846789, 42.3566861], [-88.1846696, 42.3567136], [-88.1846281, 42.3567447], [-88.1845449, 42.3567901], [-88.1843884, 42.3568321], [-88.1842725, 42.3568922], [-88.1841221, 42.3569898], [-88.1840083, 42.3570334], [-88.1837379, 42.357092], [-88.1834879, 42.3571115], [-88.183307, 42.357122], [-88.1831809, 42.3571175], [-88.1829797, 42.3570755], [-88.1828252, 42.3569568], [-88.1827093, 42.3568411], [-88.1826524, 42.3567495], [-88.1826463, 42.3566323], [-88.1826951, 42.3565392], [-88.1827093, 42.3564536], [-88.1826585, 42.356383], [-88.1825915, 42.3562703], [-88.1823557, 42.356075], [-88.1823321, 42.3560566], [-88.1821686, 42.3559293], [-88.1820589, 42.3558197], [-88.1819471, 42.3554411], [-88.1819072, 42.3553561], [-88.1818576, 42.3552504], [-88.1817357, 42.3551602], [-88.1815852, 42.355019], [-88.1814003, 42.3547351], [-88.1813169, 42.3546856], [-88.1811238, 42.3546225], [-88.1806746, 42.3545474], [-88.1802445, 42.3544366], [-88.17991, 42.354323], [-88.1792051, 42.3541174], [-88.1790763, 42.3540368], [-88.1791617, 42.353672], [-88.1791966, 42.3530096], [-88.179294, 42.3528864], [-88.1792717, 42.3527847], [-88.1791221, 42.3526788], [-88.179087, 42.3506347], [-88.1790625, 42.3504395], [-88.1790587, 42.3504091], [-88.1790689, 42.349756], [-88.1789624, 42.349329], [-88.1790966, 42.3490435], [-88.1790626, 42.3486009], [-88.1790504, 42.3479159], [-88.1788103, 42.3478462], [-88.1786577, 42.3478085], [-88.1784568, 42.3477416], [-88.1780955, 42.3475475], [-88.1776478, 42.3472068], [-88.1772882, 42.3469802], [-88.1772575, 42.3468462], [-88.1772738, 42.346729], [-88.1772494, 42.3465427], [-88.1772575, 42.3463684], [-88.1772819, 42.3462963], [-88.1771884, 42.346065], [-88.1771925, 42.3457344], [-88.1771925, 42.3456233], [-88.1772413, 42.3455662], [-88.1773429, 42.345485], [-88.177408, 42.3454039], [-88.1774486, 42.3453258], [-88.1774486, 42.3453228], [-88.1775584, 42.3452026], [-88.1776397, 42.3451635], [-88.1776885, 42.3450914], [-88.1782942, 42.3448], [-88.1784894, 42.3444724], [-88.1785869, 42.3442981], [-88.1787699, 42.344217], [-88.1789507, 42.344046], [-88.1790463, 42.3439556], [-88.1791155, 42.3438414], [-88.1791764, 42.3437362], [-88.1793309, 42.3437092], [-88.1795179, 42.3437633], [-88.1798472, 42.3438955], [-88.1799733, 42.3439286], [-88.1800912, 42.3438955], [-88.1804449, 42.3437242], [-88.1806034, 42.3436761], [-88.1807468, 42.3436383], [-88.1811056, 42.3436426], [-88.1813572, 42.3436668], [-88.1818312, 42.3437548], [-88.1819059, 42.3437825]], [[-88.1819059, 42.3437825], [-88.1828913, 42.3440016], [-88.1830851, 42.3440379], [-88.1835591, 42.3440931]], [[-88.1879271, 42.3509417], [-88.1880041, 42.3508041], [-88.1880774, 42.3507219], [-88.1881138, 42.3506811], [-88.1881917, 42.3506131], [-88.1883085, 42.3503568], [-88.188358, 42.350192], [-88.1884146, 42.3501083], [-88.1884411, 42.3500872], [-88.1885456, 42.3500037], [-88.1887013, 42.3498703], [-88.1887969, 42.3498311], [-88.1888924, 42.349784], [-88.1889384, 42.3497238], [-88.1889491, 42.3496061], [-88.1889986, 42.349491], [-88.1890942, 42.3493995], [-88.1892853, 42.3493498], [-88.1894799, 42.3493289], [-88.1897737, 42.3493289], [-88.1899421, 42.3493289], [-88.1900356, 42.3493289], [-88.1901949, 42.3492896], [-88.1907222, 42.3490882], [-88.1910018, 42.3489601], [-88.1911574, 42.3488933], [-88.1912915, 42.3488061], [-88.1913559, 42.3486673], [-88.191372, 42.3485345], [-88.1913532, 42.3483382], [-88.1912379, 42.3481321], [-88.190908, 42.3478189], [-88.1907685, 42.3476345], [-88.1906639, 42.3475294], [-88.1906399, 42.3475001], [-88.1907398, 42.3473558], [-88.1907179, 42.3472569], [-88.1905761, 42.347173], [-88.1904148, 42.3471189], [-88.1902699, 42.3471015], [-88.1901463, 42.3471338], [-88.1899909, 42.3472352], [-88.1898735, 42.3472613], [-88.1896928, 42.3471941], [-88.1895383, 42.3470555], [-88.1892634, 42.3466315], [-88.1891299, 42.3463314], [-88.1888642, 42.3461639], [-88.1887232, 42.3459833], [-88.188565, 42.3456851], [-88.1885267, 42.3454317], [-88.1884033, 42.3452393], [-88.1883283, 42.3451385], [-88.1882784, 42.3449118], [-88.1880966, 42.344816], [-88.1879186, 42.3445703], [-88.1875771, 42.3443061], [-88.1874806, 42.3442928], [-88.1872639, 42.3442629], [-88.1870414, 42.3442283], [-88.1867866, 42.3441655], [-88.1866131, 42.3440138], [-88.186461, 42.3439562], [-88.1862451, 42.3439562], [-88.1859407, 42.343985], [-88.1853815, 42.3440007], [-88.1851231, 42.3439379], [-88.1848471, 42.3439196], [-88.1840541, 42.3440724], [-88.1838346, 42.3440872], [-88.1835591, 42.3440931]], [[-88.1882925, 42.3520875], [-88.1882772, 42.3520609], [-88.1882551, 42.3519912], [-88.188237, 42.351934], [-88.1882182, 42.3518527], [-88.1882289, 42.3517338], [-88.1882584, 42.3516208], [-88.1881994, 42.3515177], [-88.1881892, 42.351507], [-88.1879661, 42.3512739], [-88.1879587, 42.351244]], [[-88.1879587, 42.351244], [-88.187899, 42.3510004], [-88.1878641, 42.3509548], [-88.1878404, 42.350926]], [[-88.1878404, 42.350926], [-88.1879271, 42.3509417], [-88.187899, 42.3510004]]]}}, {"type": "Feature", "properties": {"name": "Yellow Trail @ Grassy Lake Forest Preserve", "surface": "gravel", "distance": "2.9 mi", "network": "foot"}, "geometry": {"type": "MultiLineString", "coordinates": [[[-88.1552947, 42.2092531], [-88.1551713, 42.2093366], [-88.1550425, 42.2094796], [-88.1549084, 42.20973], [-88.1548762, 42.2098372], [-88.154887, 42.2099803], [-88.1549084, 42.2101273], [-88.1549031, 42.2102425], [-88.1548441, 42.2104491], [-88.154828, 42.21062], [-88.154828, 42.2107551], [-88.1548631, 42.2108874], [-88.1549299, 42.2110173], [-88.1549996, 42.2111484], [-88.1550533, 42.2112954], [-88.1551039, 42.2114335], [-88.1553, 42.2115497], [-88.1556004, 42.2117484], [-88.1558579, 42.2119073], [-88.1560081, 42.2120146], [-88.1561691, 42.2120941], [-88.1563944, 42.2121378], [-88.1565982, 42.2121537], [-88.1568289, 42.2121457], [-88.1570113, 42.2121259], [-88.1572044, 42.2121497], [-88.1574083, 42.2122133], [-88.157537, 42.2123046], [-88.1576604, 42.212396], [-88.1577462, 42.2124477], [-88.1578964, 42.2124675], [-88.1581861, 42.2124715], [-88.158449, 42.2124715], [-88.1585777, 42.2124437], [-88.1587172, 42.2123642], [-88.1588513, 42.2122649], [-88.1589854, 42.2121855], [-88.159082, 42.2121417], [-88.1591678, 42.2121417], [-88.1592643, 42.2121576], [-88.1593663, 42.2122212], [-88.1594199, 42.2122649], [-88.1595487, 42.2122848], [-88.159715, 42.2122888], [-88.1598866, 42.2122888], [-88.1600422, 42.2123245], [-88.1602675, 42.2124159], [-88.1604177, 42.2124715], [-88.1605464, 42.2124834], [-88.1607074, 42.2124755], [-88.1610024, 42.2124715], [-88.1612814, 42.2124318], [-88.1614959, 42.2123881], [-88.1616408, 42.2123444], [-88.1617481, 42.2122888], [-88.1618554, 42.2122292], [-88.1620109, 42.2121815], [-88.1624707, 42.2120975], [-88.1625635, 42.2118239], [-88.1626171, 42.2116769], [-88.1626278, 42.21151], [-88.1626117, 42.211216], [-88.162601, 42.2108186], [-88.1626117, 42.2104094], [-88.1626439, 42.2100955], [-88.1626922, 42.2099882], [-88.162778, 42.209873], [-88.1628102, 42.2097935], [-88.162837, 42.2093922], [-88.1628478, 42.208983], [-88.1627941, 42.2087247], [-88.1626815, 42.2084783], [-88.1626225, 42.2083313], [-88.1626278, 42.208228], [-88.1626761, 42.2081009], [-88.1628478, 42.2077273], [-88.16288, 42.2075843], [-88.1629014, 42.2073816], [-88.1629014, 42.2072386], [-88.1628531, 42.2071472], [-88.1627834, 42.2070558], [-88.1627298, 42.2069287], [-88.1626117, 42.2065631], [-88.1625635, 42.2063287], [-88.1625742, 42.2062333], [-88.1626278, 42.2061657], [-88.1627029, 42.2061141], [-88.162837, 42.2060902], [-88.1629443, 42.2060863], [-88.1630999, 42.2060942], [-88.1632877, 42.2061141], [-88.1634271, 42.206126], [-88.1636578, 42.2060942], [-88.1637865, 42.2060465], [-88.1639904, 42.2060147], [-88.1642908, 42.2059949], [-88.1646824, 42.2060068], [-88.1649453, 42.2060426], [-88.1652671, 42.2061101], [-88.1654656, 42.20613], [-88.1657124, 42.20613], [-88.166104, 42.2060783], [-88.1663186, 42.2060465], [-88.166737, 42.2059233], [-88.1669998, 42.2058518], [-88.167209, 42.2058161], [-88.16737, 42.2058121], [-88.1674934, 42.2058161], [-88.1676543, 42.2058558], [-88.1678742, 42.2059353], [-88.1681103, 42.2060108], [-88.1682384, 42.2060476], [-88.1683416, 42.2060608], [-88.1684937, 42.2060592], [-88.1686359, 42.2060315]], [[-88.1687141, 42.206016], [-88.1688316, 42.2059898], [-88.1689381, 42.2060011], [-88.1689793, 42.2060346], [-88.1690973, 42.2062094], [-88.169151, 42.2062929], [-88.169269, 42.2063525], [-88.1694299, 42.2064081], [-88.169784, 42.2065551], [-88.1701273, 42.2067061], [-88.1702775, 42.2067896], [-88.1703687, 42.206877], [-88.1704384, 42.2070081], [-88.1705189, 42.2071869], [-88.1706369, 42.2073697], [-88.170948, 42.2077512], [-88.1710607, 42.2078744], [-88.1711412, 42.2079379], [-88.1712163, 42.2079658], [-88.1712967, 42.2079658], [-88.1714469, 42.2079777], [-88.1715381, 42.2080174], [-88.1716615, 42.2081326], [-88.1719673, 42.2084426], [-88.1721175, 42.2086293], [-88.1722301, 42.2087644], [-88.1723052, 42.208832], [-88.1725252, 42.2089154], [-88.1727451, 42.2089869], [-88.1730187, 42.2090426], [-88.1731206, 42.2090863], [-88.1731957, 42.2091379], [-88.1732226, 42.2091935], [-88.1732172, 42.209281], [-88.1731743, 42.2093843], [-88.1730187, 42.2095472], [-88.1728578, 42.2096942], [-88.1727666, 42.2098492], [-88.1726647, 42.2100597], [-88.1726378, 42.2101948], [-88.1726486, 42.2103101], [-88.1726968, 42.2104372], [-88.1727719, 42.2105644], [-88.1727943, 42.2105895], [-88.172949, 42.210763], [-88.1730884, 42.2109537], [-88.1732494, 42.2111008], [-88.1733245, 42.2111484]], [[-88.1733245, 42.2111484], [-88.1733574, 42.211295]], [[-88.1733574, 42.211295], [-88.1733236, 42.2114582], [-88.1732439, 42.2116227], [-88.1731851, 42.2118019], [-88.1731906, 42.2119438], [-88.1732112, 42.2121202], [-88.1732824, 42.2123819], [-88.1733191, 42.2125669], [-88.1733245, 42.2126781], [-88.1732869, 42.2127854], [-88.1732011, 42.2130039], [-88.1731367, 42.2131986], [-88.1731045, 42.2133854], [-88.1730724, 42.2135562], [-88.1730133, 42.2136953], [-88.1729704, 42.2138661], [-88.1729382, 42.2141522], [-88.1729543, 42.2143468], [-88.173008, 42.21447], [-88.1731099, 42.2145614], [-88.1732869, 42.2147084], [-88.1733781, 42.2148037], [-88.1734371, 42.214911], [-88.1735069, 42.2150262], [-88.1736517, 42.2151375], [-88.173936, 42.2153282], [-88.174038, 42.2154434], [-88.1740433, 42.2155348], [-88.1740165, 42.2156103], [-88.1738931, 42.2157017], [-88.1737375, 42.215801], [-88.1736678, 42.2158725], [-88.1736356, 42.2159599], [-88.1736195, 42.216087], [-88.1736142, 42.2162142], [-88.173582, 42.2163055], [-88.1735283, 42.2163731], [-88.1734318, 42.2164406], [-88.1732601, 42.2165002], [-88.1730563, 42.2165757], [-88.1729758, 42.2166353], [-88.1729329, 42.2167028], [-88.1729222, 42.2167823], [-88.1729329, 42.2170604], [-88.1729007, 42.2173743], [-88.17289, 42.2175411], [-88.17289, 42.2177278], [-88.1729222, 42.2179066], [-88.1729812, 42.2180814], [-88.1730026, 42.2182086], [-88.1729812, 42.218296], [-88.1729275, 42.2184231], [-88.1729168, 42.2185065], [-88.1729597, 42.2186098], [-88.1730294, 42.218725], [-88.1731957, 42.2188442], [-88.1733084, 42.2188919], [-88.1734264, 42.2189038], [-88.1736624, 42.2189038], [-88.1737322, 42.2189157], [-88.1737912, 42.2189475], [-88.1737912, 42.219023], [-88.1738019, 42.2191819], [-88.173877, 42.2194441], [-88.1738931, 42.2195871], [-88.173877, 42.2196904], [-88.1737966, 42.2199208], [-88.1736839, 42.2201155], [-88.1735498, 42.2202267], [-88.1733728, 42.2204095], [-88.1731796, 42.2206836], [-88.1730616, 42.2208266], [-88.1729114, 42.2209577], [-88.1728041, 42.2210451], [-88.172729, 42.2211405], [-88.1725788, 42.2213947], [-88.1723482, 42.2217205], [-88.1721711, 42.2218873], [-88.1720585, 42.2220184], [-88.1720317, 42.222074], [-88.1720317, 42.2221574], [-88.1720531, 42.2222488], [-88.1722248, 42.2224911], [-88.172257, 42.2225984], [-88.1722355, 42.2226739], [-88.1721604, 42.2227255], [-88.1720263, 42.2227573], [-88.171742, 42.2227652], [-88.1715113, 42.2227811], [-88.1713879, 42.2228248], [-88.1711948, 42.2229083], [-88.1708622, 42.2230115], [-88.1706584, 42.2231069], [-88.1705028, 42.2231863], [-88.1704492, 42.2232459], [-88.1704331, 42.2233174], [-88.1704277, 42.223377], [-88.1704652, 42.2234525], [-88.1707657, 42.2240206]]]}}, {"type": "Feature", "properties": {"name": "Fox River Forest Preserve Trail", "surface": "compacted", "distance": "2.6 mi", "network": "foot"}, "geometry": {"type": "MultiLineString", "coordinates": [[[-88.1816183, 42.2364693], [-88.1816528, 42.2364231], [-88.1817222, 42.2363432], [-88.1817782, 42.2362604], [-88.1818188, 42.2361718], [-88.1818441, 42.2360475], [-88.1818385, 42.2359646], [-88.1818004, 42.2358302], [-88.1817718, 42.2357258], [-88.181747, 42.2356229], [-88.1817165, 42.2355042], [-88.1817053, 42.2353799], [-88.1816883, 42.2352341], [-88.1816944, 42.2351183], [-88.1816966, 42.2349997], [-88.1816912, 42.2348511], [-88.1816588, 42.2347252], [-88.1816456, 42.2346023], [-88.1816439, 42.2345237], [-88.1816536, 42.2344794], [-88.1817493, 42.2343037], [-88.1817865, 42.2342055], [-88.1817546, 42.2341269], [-88.181695, 42.2339397], [-88.181617, 42.2336948], [-88.1815663, 42.2335277], [-88.1814447, 42.2333462], [-88.1813953, 42.2332915], [-88.1811021, 42.2332022]], [[-88.1819834, 42.2373202], [-88.1821409, 42.2372977], [-88.1821852, 42.2374291], [-88.1822483, 42.2374378], [-88.1822623, 42.2375622], [-88.1840856, 42.2373587], [-88.18415, 42.2373229], [-88.1842895, 42.2372077], [-88.1844075, 42.2371363], [-88.1845067, 42.2370932], [-88.1845595, 42.2371105]], [[-88.1845595, 42.2371105], [-88.1845577, 42.2371363], [-88.1845577, 42.2372038], [-88.1845201, 42.2372991], [-88.1844289, 42.2374659], [-88.1844225, 42.2375864], [-88.1845129, 42.2376729]], [[-88.1845595, 42.2371105], [-88.1846285, 42.2370386], [-88.184724, 42.2370052], [-88.1848205, 42.2369933], [-88.184901, 42.2370171], [-88.185023, 42.237087], [-88.185071, 42.237143], [-88.185074, 42.237208], [-88.1851, 42.237272], [-88.185162, 42.23738], [-88.1852, 42.237551], [-88.185235, 42.237626], [-88.185323, 42.237707], [-88.185389, 42.237801], [-88.1856949, 42.2381728], [-88.1857969, 42.2382404], [-88.1859524, 42.2382841], [-88.186108, 42.2383357], [-88.1861885, 42.2384032], [-88.1863011, 42.2385223], [-88.1865024, 42.2387151]], [[-88.1874799, 42.2406129], [-88.1874049, 42.2406099], [-88.1873357, 42.2406098], [-88.1872491, 42.240624], [-88.1871837, 42.2406397], [-88.1870932, 42.2406538], [-88.1870086, 42.2406537], [-88.1869298, 42.2406479], [-88.1868509, 42.2406407], [-88.1867798, 42.2406349], [-88.1867498, 42.2406354], [-88.1867009, 42.2406362], [-88.1866374, 42.2406533], [-88.1866008, 42.2406818], [-88.1865699, 42.2407261]], [[-88.1863932, 42.2391065], [-88.1864863, 42.2391475], [-88.186623, 42.2392769], [-88.1867785, 42.2393881], [-88.1868912, 42.2395113], [-88.1869824, 42.2395708], [-88.1871111, 42.2396105], [-88.1874947, 42.2397025], [-88.1876744, 42.2397773], [-88.1878031, 42.2398727], [-88.1879024, 42.2399606], [-88.188015, 42.2401195], [-88.1881116, 42.2402307], [-88.1881921, 42.2403061], [-88.1882564, 42.240326], [-88.1883342, 42.2403294], [-88.188412, 42.2402942], [-88.1885112, 42.2402182], [-88.1886775, 42.2401189], [-88.1888492, 42.2400673], [-88.188986, 42.240052], [-88.1891147, 42.2400599], [-88.1892086, 42.2400951], [-88.1893025, 42.240183], [-88.1894607, 42.2403095], [-88.1896646, 42.2404247], [-88.1899167, 42.240524], [-88.1901259, 42.2406233], [-88.1902493, 42.2407146], [-88.1903137, 42.2408179], [-88.1903727, 42.240941], [-88.1904478, 42.2410045], [-88.1905765, 42.241076], [-88.190657, 42.2411356], [-88.1906862, 42.2411667], [-88.1906946, 42.2412031], [-88.1907107, 42.2413143], [-88.1907321, 42.2414175], [-88.1907858, 42.241489], [-88.1908501, 42.2416082], [-88.190893, 42.2417075], [-88.1908877, 42.2417909], [-88.190893, 42.2418743], [-88.1909467, 42.2419537], [-88.1910164, 42.2420252], [-88.1910647, 42.2421244], [-88.1910647, 42.2421999], [-88.1909735, 42.2422873], [-88.1908555, 42.2423588], [-88.1907482, 42.2424144], [-88.1906884, 42.2424291], [-88.1906034, 42.2424501], [-88.190488, 42.2424705], [-88.1904247, 42.2424612], [-88.1903539, 42.2424507], [-88.1902118, 42.2424104], [-88.1900964, 42.2423514], [-88.1899301, 42.242264], [-88.189627, 42.2420847], [-88.18945, 42.2420291], [-88.1892945, 42.2419855], [-88.1891416, 42.2419821], [-88.1889431, 42.2419741], [-88.1887339, 42.2419344], [-88.1885434, 42.2418623], [-88.1884549, 42.2418034], [-88.1883289, 42.2417075], [-88.188243, 42.2416399], [-88.1881036, 42.2416002], [-88.1879775, 42.2415691], [-88.1878407, 42.2415605], [-88.1877093, 42.2415889], [-88.187551, 42.2416121], [-88.1874598, 42.2416042], [-88.1873954, 42.2415605], [-88.1873445, 42.2415015], [-88.1873339, 42.2414701], [-88.1873123, 42.2414062], [-88.1872721, 42.2413183], [-88.1872157, 42.2412474], [-88.1871916, 42.2411753], [-88.1871728, 42.2410925], [-88.1871245, 42.2410131], [-88.1870575, 42.240937], [-88.1869663, 42.2409013], [-88.1868429, 42.2408894], [-88.1867356, 42.2408814], [-88.186617, 42.2408376], [-88.186521, 42.240806], [-88.186462, 42.240796], [-88.186226, 42.240798], [-88.1859658, 42.2408145], [-88.1857405, 42.2408065], [-88.1855769, 42.240794], [-88.1854294, 42.2407509], [-88.1853587, 42.2407239], [-88.1852524, 42.2406834], [-88.1850995, 42.2406074], [-88.1849707, 42.240516], [-88.1848688, 42.2404565], [-88.1846837, 42.2404134], [-88.1845711, 42.2403975], [-88.1844868, 42.2403952], [-88.1844021, 42.2403929], [-88.1843511, 42.2403776], [-88.1843216, 42.2403135], [-88.184327, 42.24025], [-88.1843538, 42.2401864], [-88.184386, 42.2400871], [-88.1844236, 42.239968], [-88.1843967, 42.2398806], [-88.1843538, 42.2397654], [-88.1842734, 42.2396939], [-88.1842063, 42.2396111], [-88.1841661, 42.2395351], [-88.1841714, 42.2394636], [-88.1841983, 42.239404], [-88.1841875, 42.2393484], [-88.1841714, 42.2393008], [-88.1841607, 42.2392213], [-88.1841929, 42.2391737], [-88.1842465, 42.2391101], [-88.1843699, 42.2390188], [-88.1844182, 42.2389274], [-88.1844397, 42.238848], [-88.1844075, 42.2387567], [-88.1843592, 42.2386971], [-88.1842734, 42.2386494], [-88.1841875, 42.2386097], [-88.1841473, 42.2385468], [-88.1841151, 42.2384634], [-88.1841285, 42.2384231], [-88.1841473, 42.238372], [-88.1841392, 42.2383158], [-88.1840963, 42.2382682], [-88.1840481, 42.2382245], [-88.1840426, 42.238217], [-88.1840132, 42.2381774], [-88.1840105, 42.238153], [-88.1840359, 42.2380807], [-88.1840481, 42.2380458], [-88.1841761, 42.2378323], [-88.1842433, 42.2377666], [-88.1843166, 42.2377174], [-88.1843645, 42.2376959], [-88.1845129, 42.2376729]], [[-88.1878793, 42.2407109], [-88.1880913, 42.2408909], [-88.1881982, 42.2409786]], [[-88.1865699, 42.2407261], [-88.1865891, 42.2407561], [-88.1866063, 42.2407947], [-88.186617, 42.2408376]], [[-88.1865699, 42.2407261], [-88.1865256, 42.240756], [-88.1864852, 42.240776], [-88.186462, 42.240796]], [[-88.1793458, 42.2370795], [-88.1794967, 42.2372301], [-88.1796747, 42.2373218], [-88.1797676, 42.2373365], [-88.1798594, 42.2373365], [-88.1799192, 42.2373488], [-88.1799756, 42.2373848], [-88.1800165, 42.2374839], [-88.1800729, 42.237565], [-88.1801481, 42.2375944], [-88.1803052, 42.2376469], [-88.1804401, 42.2377165], [-88.1805507, 42.2377607], [-88.1806624, 42.2377525], [-88.1807641, 42.2377492], [-88.1808703, 42.2377672], [-88.1808935, 42.2377809], [-88.1809798, 42.2378319], [-88.181201, 42.2379367], [-88.181357, 42.2379719], [-88.1815184, 42.2379965], [-88.1817562, 42.2380006], [-88.1818381, 42.2380186], [-88.1819066, 42.238053], [-88.1819442, 42.2381308], [-88.1819863, 42.2382176], [-88.1820438, 42.2382986], [-88.1820673, 42.2383941], [-88.1820814, 42.2384411], [-88.1821157, 42.238469], [-88.1821898, 42.2384862], [-88.1823745, 42.2384837], [-88.1825924, 42.2384485], [-88.182818, 42.2383781], [-88.1829861, 42.2382954], [-88.1831619, 42.2381938], [-88.1832825, 42.2381709], [-88.1833754, 42.2381603], [-88.1835258, 42.2381652], [-88.1836685, 42.2382119], [-88.1837879, 42.2382446], [-88.1838687, 42.2382495], [-88.1839583, 42.2382356], [-88.1840426, 42.238217]], [[-88.1707957, 42.2385552], [-88.1709252, 42.2385328], [-88.1710258, 42.2384984], [-88.1711674, 42.2384264], [-88.1713344, 42.2383756], [-88.1715014, 42.2383519], [-88.1716507, 42.2383535], [-88.1718432, 42.2383863], [-88.1720621, 42.2384354], [-88.1722015, 42.2384428], [-88.1723818, 42.2384297], [-88.1725311, 42.2384018], [-88.1727302, 42.2383273], [-88.172854, 42.2382512], [-88.1729602, 42.2381562], [-88.173083, 42.2380522], [-88.1732699, 42.237949], [-88.1735442, 42.2378164], [-88.1736858, 42.2377648], [-88.1738738, 42.237723], [-88.1739501, 42.2376886], [-88.1740187, 42.2376297], [-88.1740529, 42.2375691], [-88.1741049, 42.2373676], [-88.1741447, 42.2373218], [-88.1743925, 42.2372145], [-88.1745694, 42.2370999], [-88.1746977, 42.2370385], [-88.1748636, 42.2369811], [-88.1750439, 42.2367748], [-88.1752231, 42.2366323], [-88.1752563, 42.2365152], [-88.1752972, 42.2363613], [-88.1753713, 42.236272], [-88.1755936, 42.2361549], [-88.1756931, 42.2361459], [-88.1758535, 42.2361647], [-88.1760404, 42.2361967], [-88.176182, 42.2362155], [-88.1762926, 42.2362311], [-88.1763601, 42.2362655], [-88.1764275, 42.2363383], [-88.1766155, 42.2365922], [-88.1766299, 42.2366061]], [[-88.1766299, 42.2366061], [-88.176756, 42.2366823], [-88.1768434, 42.2367191], [-88.1769639, 42.2367404], [-88.17709, 42.2367822], [-88.1771586, 42.2368198]], [[-88.1771586, 42.2368198], [-88.177215, 42.2368788], [-88.1772559, 42.2369418], [-88.1772946, 42.236986], [-88.1773455, 42.2370172], [-88.1774019, 42.2370393], [-88.1774633, 42.2370385]], [[-88.1774633, 42.2370385], [-88.1783686, 42.2368604], [-88.1785463, 42.2368487]], [[-88.1785463, 42.2368487], [-88.1786694, 42.2368452], [-88.1788054, 42.2368534], [-88.1789525, 42.2368804], [-88.179093, 42.2369214], [-88.1791737, 42.236968], [-88.1792876, 42.237027], [-88.1793458, 42.2370795]], [[-88.1853587, 42.2407239], [-88.1853795, 42.240566]], [[-88.1865024, 42.2387151], [-88.1863485, 42.2387976], [-88.1862547, 42.2388199], [-88.18615, 42.238834]]]}}, {"type": "Feature", "properties": {"name": "Lyons Woods Forest Preserve Trail", "surface": "compacted", "distance": "2.6 mi", "network": "foot"}, "geometry": {"type": "MultiLineString", "coordinates": [[[-87.8292392, 42.4003757], [-87.829338, 42.400526], [-87.829493, 42.400676], [-87.829571, 42.400785], [-87.829643, 42.400965], [-87.829884, 42.40128], [-87.830049, 42.401811], [-87.83006, 42.401962], [-87.830014, 42.402147], [-87.829934, 42.402855], [-87.829917, 42.402996], [-87.82987, 42.403195], [-87.829862, 42.403928], [-87.8298778, 42.4041366], [-87.8298993, 42.4042191], [-87.8299537, 42.404322], [-87.8299992, 42.4044608], [-87.830027, 42.404968], [-87.830019, 42.405031], [-87.8299178, 42.4050685], [-87.8298568, 42.4050972], [-87.829785, 42.4051522], [-87.8297371, 42.4052309], [-87.829564, 42.405598], [-87.8295106, 42.4056885], [-87.829456, 42.4057505], [-87.829391, 42.4057779], [-87.829291, 42.405792], [-87.828377, 42.405861], [-87.828229, 42.405892], [-87.828147, 42.40594], [-87.828098, 42.405991], [-87.828021, 42.406141], [-87.827926, 42.406446]], [[-87.836105, 42.4055], [-87.836186, 42.405583], [-87.836242, 42.405701], [-87.836302, 42.405777], [-87.836442, 42.405859], [-87.836573, 42.405903], [-87.837033, 42.405999], [-87.837393, 42.406024], [-87.837905, 42.406024], [-87.838096, 42.406037], [-87.838263, 42.406079], [-87.838335, 42.406136], [-87.838451, 42.40628], [-87.838518, 42.406312], [-87.83861, 42.406321], [-87.838959, 42.406293], [-87.839214, 42.406289], [-87.839597, 42.40621], [-87.839763, 42.406202], [-87.840651, 42.406294], [-87.841272, 42.406293], [-87.841488, 42.40628], [-87.841674, 42.406248], [-87.84177, 42.406213], [-87.841862, 42.406155], [-87.842023, 42.40601], [-87.84217, 42.40592], [-87.842381, 42.405856], [-87.842568, 42.405826], [-87.842941, 42.405801], [-87.843376, 42.405818], [-87.84414, 42.405802], [-87.84431, 42.405812], [-87.844487, 42.405835], [-87.844599, 42.405866], [-87.8450081, 42.4060252], [-87.8451784, 42.406047], [-87.8454522, 42.4060489]], [[-87.8362952, 42.4001615], [-87.836821, 42.400829], [-87.836984, 42.401162], [-87.837082, 42.401263], [-87.837141, 42.401355], [-87.837192, 42.401463], [-87.837265, 42.401733], [-87.837275, 42.401854], [-87.837198, 42.402223], [-87.837186, 42.402658], [-87.837059, 42.403228], [-87.837056, 42.403298], [-87.83708, 42.403384], [-87.837135, 42.403445], [-87.837213, 42.403478], [-87.837513, 42.403509], [-87.837607, 42.403571], [-87.837646, 42.403643], [-87.837652, 42.403695], [-87.837623, 42.403782], [-87.837552, 42.40385], [-87.83747, 42.403884], [-87.837282, 42.403917], [-87.837119, 42.403969], [-87.83705, 42.404025], [-87.837019, 42.404079], [-87.836944, 42.404318], [-87.83683, 42.404413], [-87.836521, 42.404584], [-87.836393, 42.404709], [-87.836345, 42.404825], [-87.836226, 42.405357], [-87.836105, 42.4055]], [[-87.8362952, 42.4001615], [-87.8362196, 42.4001284], [-87.8360935, 42.4000982], [-87.8359989, 42.4000873], [-87.8358191, 42.400111], [-87.83562, 42.400143], [-87.8355181, 42.4001409], [-87.835123, 42.400133], [-87.834963, 42.400156], [-87.834885, 42.400196], [-87.834795, 42.400291], [-87.83476, 42.400357], [-87.834573, 42.400829], [-87.834445, 42.40105], [-87.834193, 42.401365], [-87.833924, 42.401579], [-87.833666, 42.401878], [-87.833389, 42.402095], [-87.833355, 42.402167], [-87.833357, 42.402292], [-87.833529, 42.403027], [-87.833534, 42.403177], [-87.833518, 42.403255], [-87.833417, 42.403413], [-87.833371, 42.403536], [-87.833334, 42.403917], [-87.833341, 42.404226], [-87.833449, 42.404594], [-87.833455, 42.405038]], [[-87.8329095, 42.4050192], [-87.8328693, 42.4049441], [-87.8328203, 42.4048593], [-87.832615, 42.404409], [-87.832506, 42.404303], [-87.83186, 42.403845], [-87.831662, 42.403632], [-87.831473, 42.403343], [-87.83137, 42.403236], [-87.831271, 42.403163], [-87.83072, 42.402867], [-87.830557, 42.402842], [-87.830364, 42.402849], [-87.83013, 42.402894], [-87.829934, 42.402855]], [[-87.8362952, 42.4001615], [-87.8362458, 42.400083], [-87.8362312, 42.3999298], [-87.8362345, 42.3998477], [-87.8362887, 42.3997877], [-87.8363935, 42.3997169], [-87.836478, 42.399668], [-87.836543, 42.399608], [-87.836565, 42.399541], [-87.836507, 42.399152]], [[-87.8362345, 42.3998477], [-87.8361486, 42.3999034], [-87.8359305, 42.4000385], [-87.8358191, 42.400111]], [[-87.830019, 42.405031], [-87.8301102, 42.4051033], [-87.830349, 42.405254], [-87.8304344, 42.4052929], [-87.830525, 42.4053084], [-87.830607, 42.405302], [-87.830772, 42.405248], [-87.831165, 42.405054], [-87.8313306, 42.4049746], [-87.8314255, 42.4049631], [-87.8315182, 42.4049768], [-87.8316583, 42.4050214], [-87.8317662, 42.4050354], [-87.8318767, 42.4050354], [-87.8319891, 42.4050336], [-87.8321049, 42.4050714], [-87.8321951, 42.4051242], [-87.832306, 42.4051696], [-87.832406, 42.405184], [-87.832512, 42.405179], [-87.832605, 42.405156], [-87.8329095, 42.4050192]], [[-87.833455, 42.405038], [-87.83355, 42.405046], [-87.834006, 42.405189], [-87.83458, 42.405422], [-87.834743, 42.40545], [-87.835045, 42.40547], [-87.8354122, 42.4054788], [-87.835626, 42.405484], [-87.835962, 42.405466], [-87.836105, 42.4055]], [[-87.8329095, 42.4050192], [-87.8330341, 42.4050112], [-87.833168, 42.405018], [-87.833455, 42.405038]]]}}, {"type": "Feature", "properties": {"name": "Yellow Trail", "surface": "gravel", "distance": "2.6 mi", "network": "foot"}, "geometry": {"type": "MultiLineString", "coordinates": [[[-87.92544, 42.2210649], [-87.9250955, 42.2210922], [-87.9248599, 42.2211375], [-87.9246767, 42.2211544], [-87.9245639, 42.2211635], [-87.9243839, 42.2211634], [-87.9242631, 42.2211733], [-87.9241705, 42.2211935], [-87.9240721, 42.2212278], [-87.9240452, 42.2212405], [-87.9240079, 42.2212432], [-87.9239564, 42.221235], [-87.9239126, 42.2212059], [-87.9238864, 42.2211797], [-87.9236948, 42.2209361], [-87.9236564, 42.220903], [-87.9235911, 42.2208662], [-87.9235546, 42.2208548], [-87.9234188, 42.2208441], [-87.9233718, 42.2208299], [-87.9233353, 42.2208094], [-87.923317, 42.2207873], [-87.923309, 42.2207654], [-87.9232761, 42.2206711], [-87.9232456, 42.2206261], [-87.9232073, 42.2205974], [-87.9231623, 42.2205718], [-87.9230744, 42.2205479], [-87.9230032, 42.2205376], [-87.9229563, 42.2205371], [-87.9229102, 42.2205368], [-87.9227855, 42.2205421], [-87.9227035, 42.2205392], [-87.9226671, 42.220532], [-87.9226306, 42.2205219], [-87.9225403, 42.2204709], [-87.9224612, 42.2204084], [-87.9224, 42.2203445], [-87.9223106, 42.2202349], [-87.922283, 42.2202153], [-87.9222592, 42.2202083], [-87.9221235, 42.2201819], [-87.9220886, 42.2201749], [-87.9220617, 42.2201635], [-87.9219641, 42.2201244], [-87.9219216, 42.2201168], [-87.9218901, 42.220114], [-87.921854, 42.2201159], [-87.9218154, 42.2201256], [-87.9216048, 42.2201663], [-87.9214137, 42.2201871], [-87.9213476, 42.2201914], [-87.9212979, 42.2201908], [-87.9212472, 42.2201883], [-87.9212044, 42.22018], [-87.9211556, 42.2201653], [-87.9211072, 42.2201427], [-87.9210141, 42.2200888], [-87.9209394, 42.2200518], [-87.9208307, 42.2200043], [-87.9207161, 42.219961], [-87.9206376, 42.219941], [-87.9205856, 42.219929], [-87.9205441, 42.2199064], [-87.9205117, 42.2198802], [-87.920479, 42.219853], [-87.9203804, 42.2197459], [-87.9203553, 42.2197137], [-87.920308, 42.2196692], [-87.9202636, 42.219646], [-87.9202279, 42.2196303], [-87.9200602, 42.2195672], [-87.9199371, 42.2195145], [-87.9198932, 42.2194897], [-87.9198616, 42.2194626], [-87.9198468, 42.2194338], [-87.919841, 42.2194045], [-87.9198391, 42.2193743], [-87.919853, 42.2193133], [-87.9198843, 42.219191], [-87.9199021, 42.2191559], [-87.9199228, 42.2191191], [-87.9199465, 42.2190905], [-87.9199611, 42.219074], [-87.9199737, 42.2190171], [-87.9199709, 42.2189806], [-87.9199557, 42.2189462], [-87.9199262, 42.2189083], [-87.919844, 42.2188029], [-87.919825, 42.218761], [-87.9198164, 42.2186629], [-87.9198157, 42.2185717], [-87.919822, 42.2185381], [-87.9198381, 42.2185112], [-87.9198885, 42.2184433], [-87.9199294, 42.2183719], [-87.9199366, 42.2183575], [-87.9199487, 42.2183441], [-87.9199649, 42.2183312], [-87.9200036, 42.2183506]], [[-87.9199649, 42.2183312], [-87.9199587, 42.2183137], [-87.9199536, 42.2182917], [-87.9199566, 42.2182467], [-87.919968, 42.2182146], [-87.9200306, 42.218052], [-87.920045, 42.2179794], [-87.9200548, 42.2179211], [-87.9200671, 42.2177647], [-87.9200772, 42.2176436], [-87.9200852, 42.2175834], [-87.9201333, 42.2173905], [-87.9201389, 42.217334], [-87.9201379, 42.2172803], [-87.9201347, 42.217232], [-87.9201191, 42.2170608], [-87.9201171, 42.2170067], [-87.9201218, 42.2169696], [-87.9201313, 42.2169327], [-87.9202, 42.2167733], [-87.9202531, 42.2166632], [-87.9202732, 42.2166415], [-87.9203053, 42.2166215], [-87.9203647, 42.2165968], [-87.9204104, 42.2165929], [-87.920487, 42.2165913], [-87.9205358, 42.2165884], [-87.9205823, 42.2165795], [-87.9206317, 42.2165636], [-87.9206825, 42.2165405], [-87.9207368, 42.2165014], [-87.9209629, 42.2162818], [-87.9209998, 42.2162307], [-87.9210354, 42.2161666], [-87.9210583, 42.2160977], [-87.9210718, 42.2160171], [-87.9210687, 42.2159765], [-87.9210655, 42.215894], [-87.9210685, 42.2158585], [-87.9210798, 42.2158199], [-87.9211025, 42.2157775], [-87.9212141, 42.2156387], [-87.9212501, 42.2155836], [-87.9212735, 42.2155441], [-87.9213331, 42.2153816], [-87.92136, 42.21531], [-87.921396, 42.2151376], [-87.9214055, 42.2150904], [-87.9214199, 42.2150533], [-87.9214873, 42.214912], [-87.9215298, 42.2148244], [-87.9215464, 42.2147704], [-87.9215543, 42.2147211], [-87.9215533, 42.2146654], [-87.9215395, 42.214595], [-87.9215265, 42.2145536], [-87.9215086, 42.2145204], [-87.9214843, 42.2144908], [-87.9214521, 42.2144654], [-87.9214131, 42.2144376], [-87.9212784, 42.2143466], [-87.9212541, 42.2143156], [-87.9212381, 42.2142818], [-87.9212351, 42.2142371], [-87.92124, 42.2141962], [-87.921284, 42.2140751], [-87.9212907, 42.2140234], [-87.9212865, 42.2139697], [-87.9212772, 42.2139326], [-87.9212522, 42.2138642], [-87.921236, 42.213796], [-87.921239, 42.213761], [-87.921246, 42.213724], [-87.9212909, 42.2136191], [-87.9212965, 42.2135748], [-87.9212998, 42.2135418], [-87.9212969, 42.2133966], [-87.9213013, 42.2133395], [-87.9213073, 42.21329], [-87.9213238, 42.2132347], [-87.921338, 42.2132024], [-87.9213675, 42.2131744], [-87.9214047, 42.2131529], [-87.9214611, 42.2131414], [-87.9215471, 42.2131378], [-87.9216215, 42.2131341], [-87.9218161, 42.2131027], [-87.921877, 42.2130986], [-87.9219367, 42.2131], [-87.9220141, 42.2131049], [-87.9221712, 42.2131221], [-87.9222659, 42.2131231], [-87.9223177, 42.2131169], [-87.9223696, 42.2131101], [-87.9224146, 42.2130967], [-87.922683, 42.2130158], [-87.9227574, 42.2129989], [-87.9230028, 42.2129475], [-87.9230472, 42.2129323], [-87.9230719, 42.2129166], [-87.9232838, 42.2127323], [-87.9233402, 42.2126927], [-87.9235256, 42.2125929], [-87.9235495, 42.2125672], [-87.9235636, 42.2125437], [-87.9235708, 42.2125062], [-87.9236156, 42.2122256], [-87.9236519, 42.2119943], [-87.9236454, 42.2119363], [-87.9236244, 42.2118695], [-87.9236119, 42.2118324], [-87.9235852, 42.2117986], [-87.9235135, 42.2117048], [-87.9234954, 42.2116741], [-87.9234774, 42.2116394], [-87.9234669, 42.2115863], [-87.9234688, 42.2115422], [-87.9235162, 42.2114286], [-87.9235195, 42.2113933], [-87.9235065, 42.2113459], [-87.9234843, 42.2112949], [-87.9234386, 42.2112527], [-87.923318, 42.2111709], [-87.923283, 42.211128], [-87.9232669, 42.2110823], [-87.9232513, 42.2108577], [-87.923242, 42.2107067], [-87.9232396, 42.2106369], [-87.9232551, 42.2103468], [-87.9232777, 42.2101951], [-87.9233093, 42.2100178], [-87.9233139, 42.2099442], [-87.9232938, 42.2097927], [-87.9233032, 42.2097523], [-87.9233289, 42.209717], [-87.9233579, 42.2096929], [-87.9234036, 42.2096782], [-87.9235339, 42.2096434], [-87.9236274, 42.2096217], [-87.9236846, 42.209581], [-87.9237789, 42.2095581], [-87.9238357, 42.2095308], [-87.923893, 42.2094985], [-87.9239374, 42.2094413], [-87.9239822, 42.2093884]], [[-87.9266223, 42.2145068], [-87.9266008, 42.2144386], [-87.9265563, 42.21434], [-87.9264675, 42.2142146], [-87.9264141, 42.2141362], [-87.9263666, 42.2140967], [-87.9263257, 42.214052], [-87.9262943, 42.2139692], [-87.9262775, 42.2138875], [-87.926283, 42.2138022], [-87.9263036, 42.2137046], [-87.9263799, 42.2135517], [-87.92639, 42.2135125], [-87.9263908, 42.2134832], [-87.9263806, 42.2134545], [-87.9263617, 42.2134313], [-87.9263318, 42.2134066], [-87.9263056, 42.2133746], [-87.926298, 42.2133395], [-87.9262769, 42.2131519], [-87.9262669, 42.2131151], [-87.9262648, 42.2130659], [-87.9263431, 42.2129051], [-87.926353, 42.2128788], [-87.9263633, 42.2128402], [-87.9263525, 42.2128039], [-87.9263209, 42.2127774], [-87.9262946, 42.212752], [-87.9262774, 42.2127205], [-87.9262307, 42.2123936], [-87.9262152, 42.2123503], [-87.9261851, 42.2123165], [-87.9261051, 42.2122796], [-87.9260747, 42.2122633], [-87.9260462, 42.2122383], [-87.925924, 42.2121244], [-87.9258914, 42.2121088], [-87.9258587, 42.2120886], [-87.9258285, 42.2120591], [-87.9257764, 42.2119709], [-87.925773, 42.2119413], [-87.9257733, 42.2119], [-87.9257884, 42.2118097], [-87.9257931, 42.2117329], [-87.9257774, 42.211594], [-87.9257811, 42.2115428], [-87.9257812, 42.211498], [-87.9258001, 42.2113519], [-87.9258023, 42.2112771], [-87.925775, 42.2111261], [-87.9257584, 42.2110673], [-87.9257345, 42.211019], [-87.9255227, 42.2108056], [-87.9255095, 42.2107839], [-87.9255001, 42.2107561], [-87.925502, 42.2107242], [-87.9255295, 42.2106748], [-87.9255411, 42.2106413], [-87.9256247, 42.2103594], [-87.9256332, 42.210316], [-87.9256313, 42.210276], [-87.9255339, 42.2099569], [-87.9253942, 42.2095736], [-87.925351, 42.209473], [-87.9252962, 42.2094013], [-87.9252674, 42.2093662], [-87.9252406, 42.2093172], [-87.9252367, 42.2092465], [-87.9252179, 42.2091835], [-87.9251956, 42.2091271], [-87.9251649, 42.209096], [-87.9251179, 42.2090642], [-87.9250105, 42.2090264], [-87.9249206, 42.2090155], [-87.9246758, 42.2089917], [-87.924612, 42.2089889], [-87.9245188, 42.209004], [-87.9244411, 42.2090143], [-87.9243488, 42.2090193], [-87.9242556, 42.2090125], [-87.9242175, 42.2090136], [-87.9241757, 42.2090212], [-87.924137, 42.2090355], [-87.9241099, 42.2090581], [-87.9240404, 42.2091394], [-87.9240084, 42.2091737], [-87.9239838, 42.2092154], [-87.9239724, 42.209268], [-87.9239822, 42.2093884]], [[-87.9337892, 42.221237], [-87.9337719, 42.2212028], [-87.9337369, 42.2211816], [-87.9336975, 42.2211676], [-87.9336462, 42.2211643], [-87.9335843, 42.2211648], [-87.933497, 42.2211683], [-87.9334501, 42.2211823], [-87.9334145, 42.2212061], [-87.9333264, 42.2212672], [-87.933279, 42.2212917], [-87.9331902, 42.2213208], [-87.9331142, 42.2213344], [-87.9330854, 42.2213381], [-87.9330503, 42.2213336], [-87.9330041, 42.2213208], [-87.9329219, 42.2212907], [-87.9327841, 42.221262], [-87.9327355, 42.2212585], [-87.9326662, 42.2212609], [-87.9326051, 42.2212753], [-87.932517, 42.2212974], [-87.932456, 42.2213109], [-87.9323606, 42.2213213], [-87.9322856, 42.2213257], [-87.9322294, 42.2213343], [-87.9321455, 42.2213475], [-87.9320643, 42.2213538], [-87.9319838, 42.2213536], [-87.9318148, 42.2213578], [-87.9317304, 42.2213582], [-87.9315188, 42.2213523], [-87.9312043, 42.2213502], [-87.931085, 42.2213442], [-87.9307685, 42.2213217], [-87.930475, 42.2213199], [-87.9304033, 42.2213173], [-87.9303484, 42.2213116], [-87.9302934, 42.221307], [-87.9302502, 42.2213009], [-87.9300478, 42.2212674], [-87.9299823, 42.2212593], [-87.929907, 42.2212555], [-87.9297558, 42.2212517], [-87.9294462, 42.221221], [-87.9293695, 42.2212184], [-87.9292944, 42.2212251], [-87.929112, 42.2212505], [-87.9290331, 42.2212541], [-87.9288971, 42.2212513], [-87.9287595, 42.2212352], [-87.9286347, 42.2212195], [-87.9283672, 42.2211754], [-87.9280238, 42.2211283], [-87.9277219, 42.2210972], [-87.9276195, 42.2210939], [-87.927517, 42.2211107], [-87.9274707, 42.2211112], [-87.9274139, 42.2211001], [-87.9273129, 42.2210489], [-87.9271501, 42.2209567], [-87.9270813, 42.2209422], [-87.926963, 42.2209297], [-87.9268732, 42.220926], [-87.9265, 42.2209511], [-87.9261726, 42.2210048], [-87.9260937, 42.2210145], [-87.9260075, 42.2210149], [-87.9257733, 42.2209878], [-87.9256549, 42.2209877], [-87.9255538, 42.2209961]], [[-87.931025, 42.2181869], [-87.9309613, 42.2180454], [-87.9306605, 42.2176994], [-87.930449, 42.2175151], [-87.9302614, 42.2174186], [-87.930233, 42.2173965], [-87.9302171, 42.2173764], [-87.9302087, 42.217348], [-87.9302252, 42.2170074], [-87.9302444, 42.2168847], [-87.9302393, 42.21674], [-87.9301806, 42.2166681], [-87.9301003, 42.2166154], [-87.9300022, 42.2165225], [-87.9299077, 42.21643], [-87.9298957, 42.2163986], [-87.9298941, 42.2163588], [-87.9299068, 42.2163238], [-87.9299685, 42.2162274], [-87.9299824, 42.2161946], [-87.9299863, 42.2161548], [-87.9299854, 42.2161186], [-87.9299233, 42.2159895], [-87.9299005, 42.2159508], [-87.9298696, 42.2159222], [-87.9298217, 42.2158777], [-87.9297156, 42.2158006], [-87.9296776, 42.2157726], [-87.9296474, 42.215738], [-87.9296255, 42.2157048], [-87.9296233, 42.2156657], [-87.9296312, 42.215626], [-87.9296492, 42.2155997], [-87.9296921, 42.2155709], [-87.9298212, 42.2154994], [-87.9298712, 42.2154532], [-87.9298916, 42.2154205], [-87.9299049, 42.2153798], [-87.9299075, 42.2153343], [-87.929892, 42.2152816], [-87.9298363, 42.2152122], [-87.9297049, 42.2150676], [-87.9296665, 42.2150292], [-87.9296113, 42.2149902], [-87.9295492, 42.2149707], [-87.9292223, 42.214913], [-87.9290696, 42.2149115], [-87.9288532, 42.2149404], [-87.9287268, 42.2149696], [-87.9286254, 42.2150197], [-87.9285122, 42.2150939], [-87.9284569, 42.2151684], [-87.9283867, 42.2152171], [-87.9282939, 42.2152437], [-87.9281795, 42.2152433], [-87.9280848, 42.2152261], [-87.9279561, 42.2151767], [-87.9278574, 42.2151519], [-87.9277017, 42.2151409], [-87.92755, 42.2150991], [-87.9274318, 42.2150764], [-87.9273259, 42.2150782], [-87.9272606, 42.2150728], [-87.9271989, 42.2150515], [-87.9270753, 42.2149681], [-87.9268195, 42.2146955], [-87.9267622, 42.2146532], [-87.9267007, 42.2146123], [-87.9266223, 42.2145068]]]}}, {"type": "Feature", "properties": {"name": "Washington Street Bike Path", "surface": "paved", "distance": "2.5 mi", "network": "foot"}, "geometry": {"type": "MultiLineString", "coordinates": [[[-87.9535738, 42.3641091], [-87.9534806, 42.3640851], [-87.9534027, 42.364065], [-87.9528448, 42.3640452], [-87.9519878, 42.3640174], [-87.9516592, 42.3640115], [-87.9502752, 42.3640095], [-87.9494791, 42.3640059], [-87.9481026, 42.3639996], [-87.9470506, 42.3639862], [-87.9468863, 42.3639912], [-87.946761, 42.36401], [-87.946753, 42.3640108], [-87.9466175, 42.3640244]], [[-87.925939, 42.3624146], [-87.9257056, 42.3623056], [-87.9254884, 42.3621966], [-87.9253029, 42.3621133]], [[-87.9253029, 42.3621133], [-87.9252148, 42.3620737], [-87.9250646, 42.3620301], [-87.9249653, 42.3619865], [-87.9247937, 42.3619013], [-87.9245576, 42.3617923], [-87.9241854, 42.3616115], [-87.9239139, 42.361501], [-87.9236671, 42.3614039], [-87.9234794, 42.3613285], [-87.9233319, 42.361277], [-87.9230744, 42.3611898], [-87.9227203, 42.3610848], [-87.9223663, 42.3609936], [-87.9219613, 42.3608945], [-87.9212183, 42.3607359], [-87.9204592, 42.3606309], [-87.9199367, 42.3605828], [-87.9193086, 42.3605536], [-87.9187887, 42.3605472], [-87.9179755, 42.3605417], [-87.9170909, 42.3605333], [-87.9168356, 42.3605358], [-87.9166966, 42.360565], [-87.916592, 42.3605908], [-87.9164928, 42.3605888], [-87.9163721, 42.3605868], [-87.9154869, 42.3605769], [-87.9149322, 42.3605742], [-87.9147569, 42.3605734], [-87.9146985, 42.3605734], [-87.914671, 42.3605734], [-87.9146071, 42.3605891]], [[-87.939578, 42.364014], [-87.9387438, 42.364014]], [[-87.9387438, 42.364014], [-87.9377124, 42.3640006], [-87.9372995, 42.3639956], [-87.9369997, 42.3639949], [-87.9367456, 42.3640064], [-87.9360187, 42.36401], [-87.9349512, 42.3639942], [-87.9343987, 42.3639981], [-87.9342753, 42.364014], [-87.9342124, 42.3640144]], [[-87.9142824, 42.3605883], [-87.9142504, 42.3606007], [-87.9135552, 42.3605952], [-87.912603, 42.3605972], [-87.9116938, 42.3605932], [-87.9109701, 42.3605848], [-87.9108809, 42.3605817], [-87.9107805, 42.3605769]], [[-87.9146071, 42.3605891], [-87.9144547, 42.3605868], [-87.9142824, 42.3605883]], [[-87.9294459, 42.3636958], [-87.9294299, 42.3637025], [-87.9293996, 42.3637182], [-87.9293186, 42.3637405], [-87.9292327, 42.3637207], [-87.9290396, 42.3636731], [-87.9289726, 42.3636414], [-87.9289431, 42.3636077], [-87.9288787, 42.3635641], [-87.9286963, 42.3635245], [-87.9283101, 42.3634115], [-87.9278702, 42.3632748], [-87.9277446, 42.3632227], [-87.927618, 42.3631776], [-87.927463, 42.3631197], [-87.9273367, 42.3630714], [-87.9272566, 42.3630397], [-87.927117, 42.3629849], [-87.9270226, 42.3629735], [-87.9268831, 42.3629497], [-87.9267812, 42.3629121], [-87.9265854, 42.3628368], [-87.926395, 42.3627535], [-87.9262903, 42.3626901], [-87.9260919, 42.3625276], [-87.925939, 42.3624146]], [[-87.9299502, 42.3637544], [-87.9298153, 42.3637357], [-87.9296395, 42.3637113], [-87.9294459, 42.3636958]], [[-87.9339673, 42.3640157], [-87.9339031, 42.3640159], [-87.9338569, 42.364016], [-87.9335269, 42.364014], [-87.9332459, 42.3640036], [-87.9329932, 42.3639823], [-87.9327437, 42.3639644], [-87.9324138, 42.3639525], [-87.9316789, 42.3639228], [-87.9310084, 42.363897], [-87.9306731, 42.3638713], [-87.9303673, 42.3638475], [-87.9302386, 42.3638416], [-87.930134, 42.3638257], [-87.9300213, 42.363794], [-87.9299502, 42.3637544]], [[-87.9342124, 42.3640144], [-87.9340777, 42.3640154], [-87.9339673, 42.3640157]], [[-87.94626, 42.3640209], [-87.9456452, 42.364014], [-87.9445548, 42.3639753], [-87.9431132, 42.3639763], [-87.9415843, 42.3639922], [-87.9406697, 42.3640041], [-87.939578, 42.364014]], [[-87.9466175, 42.3640244], [-87.9465092, 42.3640233], [-87.9463721, 42.364022], [-87.94626, 42.3640209]], [[-87.9591184, 42.3640531], [-87.9560259, 42.3640373], [-87.9558268, 42.3640373], [-87.9556638, 42.3640333], [-87.9543294, 42.3640313], [-87.9540458, 42.3640278], [-87.9539225, 42.3640358], [-87.9538876, 42.3640576], [-87.9538393, 42.3641032]], [[-87.9538393, 42.3641032], [-87.9537314, 42.3641056], [-87.9535738, 42.3641091]]]}}, {"type": "Feature", "properties": {"name": "Blue Loop", "surface": "gravel", "distance": "2.5 mi", "network": "foot"}, "geometry": {"type": "MultiLineString", "coordinates": [[[-87.9425102, 42.4690473], [-87.9419413, 42.4693107], [-87.9419224, 42.469393], [-87.9418775, 42.4696008], [-87.9418593, 42.4697568], [-87.9418774, 42.4699361], [-87.9418863, 42.4701119], [-87.9418755, 42.4701726], [-87.9418586, 42.4702141], [-87.9418333, 42.4702689], [-87.9418076, 42.4703074], [-87.9417789, 42.4703424], [-87.9416927, 42.4704004], [-87.9415676, 42.4704512], [-87.9414324, 42.470498], [-87.9413398, 42.470561], [-87.9413049, 42.4706417], [-87.941276, 42.4707354], [-87.9412603, 42.470872], [-87.9412927, 42.4712756], [-87.9412746, 42.4713993], [-87.9412614, 42.4714563], [-87.9411944, 42.4715888], [-87.9411157, 42.4716963], [-87.9407545, 42.472058], [-87.9405797, 42.4722434], [-87.9404604, 42.4724311], [-87.9403572, 42.4725961], [-87.9402668, 42.4727769], [-87.9402105, 42.472925], [-87.9401334, 42.4730619], [-87.9399872, 42.4732686], [-87.9399147, 42.4733425], [-87.9398385, 42.4734201], [-87.9395351, 42.4736322], [-87.9394214, 42.4738581], [-87.9392176, 42.4741746], [-87.9389257, 42.4744362], [-87.9387678, 42.4746506], [-87.938502, 42.4750951], [-87.938461, 42.4751449], [-87.9383826, 42.4752011], [-87.9382322, 42.4752964], [-87.9381116, 42.4753616], [-87.9380225, 42.4754088], [-87.9379088, 42.4754506], [-87.9377653, 42.4754944], [-87.9376151, 42.4755479], [-87.9374652, 42.4756222], [-87.9370936, 42.4758414], [-87.9369429, 42.4759518], [-87.9368469, 42.4760612], [-87.936732, 42.4762243], [-87.9366096, 42.4763788], [-87.9364468, 42.4765783], [-87.9363519, 42.4766702], [-87.9362856, 42.4767237], [-87.936211, 42.4767672], [-87.935979, 42.4768584], [-87.9357243, 42.4769115], [-87.9354294, 42.4769079], [-87.9353082, 42.4769247], [-87.9350479, 42.477046], [-87.9349351, 42.4770757], [-87.9346033, 42.4771789], [-87.9344888, 42.4772327], [-87.9344214, 42.477279], [-87.9343319, 42.4773641], [-87.9340874, 42.4776101], [-87.9339029, 42.4777907], [-87.9338638, 42.4778619], [-87.9338212, 42.4779635], [-87.9337707, 42.4781657], [-87.9336813, 42.4783418], [-87.9335306, 42.4785583], [-87.9334374, 42.4786893], [-87.9333337, 42.4788074], [-87.9330755, 42.4790858], [-87.9329823, 42.4792076], [-87.9329043, 42.4793369], [-87.9328498, 42.4795057], [-87.9328323, 42.4796173], [-87.9328327, 42.4797807], [-87.9328634, 42.4798723], [-87.9328886, 42.4799476], [-87.9329598, 42.4800741], [-87.9330609, 42.4801926], [-87.9331788, 42.4802914], [-87.933222, 42.4803147]], [[-87.933222, 42.4803147], [-87.9334024, 42.4804214], [-87.9335683, 42.4805191], [-87.9339028, 42.4806744], [-87.9340069, 42.4807008], [-87.9341088, 42.4807176], [-87.9342202, 42.4807246], [-87.9342953, 42.4807206], [-87.9344347, 42.4806939], [-87.9345957, 42.4806603], [-87.9348089, 42.4806069], [-87.9350434, 42.4805402], [-87.9352246, 42.4804591], [-87.9353346, 42.4803952], [-87.9354231, 42.480326], [-87.9356954, 42.4801064], [-87.935859, 42.4799916], [-87.9359609, 42.4799422], [-87.9363243, 42.4797839], [-87.9364692, 42.4796995], [-87.936559, 42.4796059], [-87.9366288, 42.479509], [-87.9368353, 42.4792202], [-87.9369332, 42.479148], [-87.9370673, 42.4790916], [-87.9372095, 42.479056], [-87.9373892, 42.4790362], [-87.937593, 42.4790055], [-87.937699, 42.4789798], [-87.9378224, 42.4789264], [-87.9380356, 42.4788374], [-87.9381134, 42.4787998], [-87.9382073, 42.4787672], [-87.9383655, 42.4787375], [-87.9385425, 42.4787494], [-87.9387196, 42.4787869], [-87.9389087, 42.4788582], [-87.9391557, 42.4789462], [-87.9391872, 42.4789511], [-87.9393016, 42.4789689], [-87.9394813, 42.478966], [-87.9396744, 42.4789491], [-87.9398917, 42.4789036], [-87.9400405, 42.4788384], [-87.9402042, 42.4787642], [-87.940345, 42.4786682], [-87.9404241, 42.478598], [-87.9404818, 42.4785209], [-87.9406226, 42.4783359], [-87.9406414, 42.4782538], [-87.9406575, 42.4781638], [-87.9406414, 42.478057], [-87.9405743, 42.4779175], [-87.940522, 42.4778008], [-87.9404898, 42.477692], [-87.9404952, 42.4775693], [-87.940838, 42.4771864], [-87.9410955, 42.4768129], [-87.941104, 42.4764647], [-87.9411813, 42.4760849], [-87.9417821, 42.4756671], [-87.941868, 42.475485], [-87.9418541, 42.4752957], [-87.9419623, 42.4749707], [-87.9422305, 42.4747802], [-87.9423571, 42.4746681], [-87.9424519, 42.4745531], [-87.9425134, 42.4744197], [-87.9425299, 42.4743198], [-87.9425358, 42.4742059], [-87.9424991, 42.4740404], [-87.9424121, 42.4737286], [-87.9424093, 42.4735858], [-87.9424447, 42.4734438], [-87.9425147, 42.4733349], [-87.9425994, 42.4732499], [-87.9427142, 42.4731766], [-87.942832, 42.4731216], [-87.9430377, 42.4730899], [-87.9433957, 42.4730525], [-87.9436013, 42.4730219], [-87.9437925, 42.473005], [-87.9439401, 42.4730209], [-87.9442334, 42.4731133], [-87.9443717, 42.4731514], [-87.9445462, 42.4731587], [-87.944817, 42.4731166], [-87.9449984, 42.4730683], [-87.9450761, 42.4730367], [-87.9451664, 42.4730001], [-87.9453715, 42.4729018], [-87.9455178, 42.4727673], [-87.945636, 42.4725726], [-87.9456654, 42.4723789], [-87.9456016, 42.4722105], [-87.9453493, 42.4718065], [-87.9452883, 42.4716525], [-87.9452391, 42.4714664], [-87.9452377, 42.4713469], [-87.94528, 42.4712121], [-87.9453801, 42.4709899], [-87.9454636, 42.4707919], [-87.9455037, 42.4705682], [-87.9455332, 42.470254], [-87.9455037, 42.4699832], [-87.9453424, 42.4695857], [-87.9453389, 42.4694641], [-87.9453542, 42.4693296], [-87.9453596, 42.4691248], [-87.9453265, 42.4689356], [-87.9452801, 42.4688418], [-87.9452205, 42.4687524], [-87.9451267, 42.4686574], [-87.9450083, 42.4685725], [-87.944897, 42.4685042], [-87.9447741, 42.4684549], [-87.944624, 42.4684091], [-87.9444949, 42.4683758], [-87.9443484, 42.4683543], [-87.9442369, 42.4683548], [-87.944053, 42.4683946], [-87.9439487, 42.4684364], [-87.9438565, 42.4684775], [-87.9437844, 42.4685211], [-87.9437321, 42.468561], [-87.943665, 42.4686144], [-87.9435959, 42.4686596], [-87.9434916, 42.4687147], [-87.9431657, 42.4688892], [-87.9429148, 42.4690281], [-87.9428416, 42.4690553], [-87.9427667, 42.4690646], [-87.9426779, 42.4690665], [-87.9425102, 42.4690473]]]}}, {"type": "Feature", "properties": {"name": "Casey Trail", "surface": "asphalt", "distance": "2.4 mi", "network": "foot"}, "geometry": {"type": "MultiLineString", "coordinates": [[[-88.005005, 42.3267453], [-88.0045201, 42.3267413]], [[-87.9896293, 42.3206296], [-87.9896095, 42.320575], [-87.989544, 42.3204154], [-87.989475, 42.3203304], [-87.9894131, 42.320299], [-87.9892981, 42.3202492], [-87.9891742, 42.320176], [-87.9891547, 42.3201289], [-87.9891176, 42.3199863], [-87.9890981, 42.3199169], [-87.9890839, 42.3198763], [-87.9890645, 42.319824], [-87.9890326, 42.3197704], [-87.9890114, 42.3197154], [-87.9889937, 42.3196421], [-87.9889848, 42.3195741], [-87.9889636, 42.3194904], [-87.988953, 42.3194485], [-87.9889353, 42.3193765], [-87.9889229, 42.3192967], [-87.988907, 42.3192496], [-87.9888751, 42.3191776], [-87.988861, 42.3191345], [-87.988838, 42.3190808], [-87.9888097, 42.3190154], [-87.9887831, 42.3189683], [-87.9887548, 42.3189487], [-87.9886858, 42.3188859], [-87.9886238, 42.3188466], [-87.9885849, 42.318823], [-87.9885563, 42.3188131], [-87.9885248, 42.3188021], [-87.9884487, 42.3187772], [-87.9883637, 42.318755], [-87.9882859, 42.3187485], [-87.9881142, 42.3187419], [-87.9880452, 42.3187485], [-87.9879992, 42.3187485], [-87.9878205, 42.3187275], [-87.9876506, 42.3186974], [-87.9874453, 42.3186595], [-87.9872878, 42.3186713], [-87.9871055, 42.3186987], [-87.9868472, 42.3187288], [-87.9865782, 42.3187354], [-87.9863729, 42.3187328], [-87.9861641, 42.3187171], [-87.9858544, 42.3186713], [-87.9855961, 42.3186071], [-87.9852864, 42.3185051], [-87.9849643, 42.3183677], [-87.9848086, 42.3182774], [-87.9845644, 42.3181086], [-87.9843432, 42.3179241], [-87.9841308, 42.3176624], [-87.9839893, 42.3174387], [-87.9837911, 42.3171639], [-87.9836283, 42.3169755], [-87.9834372, 42.316842], [-87.9832531, 42.3167831], [-87.9830142, 42.3167543], [-87.9827152, 42.3167164], [-87.9824126, 42.3166601], [-87.9823347, 42.3166366]], [[-87.9823347, 42.3166366], [-87.9822002, 42.3165895]], [[-87.9822002, 42.3165895], [-87.98214, 42.3165647], [-87.9820869, 42.3165202], [-87.9820727, 42.3164718], [-87.9820763, 42.3164211], [-87.982098, 42.3163772], [-87.9822029, 42.3162394], [-87.982271, 42.316176], [-87.9823347, 42.3161041], [-87.9824037, 42.3160243], [-87.9824709, 42.3159719], [-87.982655, 42.3158005], [-87.9827523, 42.3156853], [-87.9828001, 42.3156016], [-87.9828372, 42.3155309], [-87.9828372, 42.3154564], [-87.9827983, 42.3153935], [-87.982678, 42.3152902]], [[-87.982678, 42.3152902], [-87.9810942, 42.3152705], [-87.980965, 42.3152718], [-87.9808376, 42.3152889], [-87.9807173, 42.3153229], [-87.9806412, 42.3153975], [-87.9805952, 42.315476], [-87.9805686, 42.315544], [-87.9805438, 42.3155964], [-87.9804854, 42.3156448], [-87.9804306, 42.3156631], [-87.9803209, 42.3156932], [-87.9802076, 42.3156958], [-87.9800908, 42.3156945], [-87.9799634, 42.3156932], [-87.9798448, 42.3156906], [-87.9797351, 42.3156853], [-87.9795829, 42.3156775], [-87.9794785, 42.3156801], [-87.9793653, 42.3156788], [-87.9792786, 42.3156749], [-87.9792379, 42.3156736], [-87.9785867, 42.3156592], [-87.976971, 42.3156592], [-87.9761285, 42.3156354], [-87.9751413, 42.3156409], [-87.9749207, 42.3156642], [-87.9746068, 42.3156461], [-87.9740972, 42.3156016], [-87.9737097, 42.3156134], [-87.9735663, 42.3156566], [-87.9734566, 42.3157181], [-87.9733487, 42.3157442], [-87.9732195, 42.3157599], [-87.9730921, 42.3157612], [-87.9729363, 42.3157612], [-87.9725647, 42.3157442], [-87.9721719, 42.3157377], [-87.9718158, 42.3157552], [-87.9714462, 42.3158404], [-87.9710765, 42.3159078], [-87.970726, 42.315954], [-87.9704667, 42.315922], [-87.9700842, 42.3158488], [-87.9698312, 42.3157516], [-87.9696557, 42.3156831], [-87.9695355, 42.3156566], [-87.9694128, 42.3156462], [-87.9693157, 42.315656], [-87.9691577, 42.3156867], [-87.9689507, 42.315736], [-87.9688504, 42.3157572], [-87.9685691, 42.3158009], [-87.9682672, 42.3158084], [-87.9680619, 42.3157923], [-87.9678576, 42.3157576], [-87.9676274, 42.3157161], [-87.9675056, 42.3157051], [-87.9673576, 42.3156989], [-87.9672121, 42.3156976], [-87.9669862, 42.3157089], [-87.9667693, 42.3157371], [-87.9664223, 42.3157882], [-87.9662151, 42.315797], [-87.9660113, 42.3157856], [-87.9658854, 42.315769], [-87.9656281, 42.3157051], [-87.9654923, 42.315677], [-87.9654174, 42.315675], [-87.9653574, 42.315683], [-87.9652725, 42.3157008], [-87.9652035, 42.3157321], [-87.9649674, 42.3159266], [-87.9649088, 42.3159524], [-87.9648396, 42.3159717], [-87.9647333, 42.3159732], [-87.9646235, 42.3159432], [-87.9645159, 42.3158777], [-87.9644517, 42.3158364], [-87.9643788, 42.3158123], [-87.9643202, 42.3158021], [-87.9642609, 42.3158037], [-87.9641927, 42.3158122], [-87.9641187, 42.3158498], [-87.9640679, 42.3158893], [-87.964025, 42.3159548], [-87.9640263, 42.3160574], [-87.964017, 42.3161612], [-87.9639846, 42.3162342], [-87.9639451, 42.3162749], [-87.9638916, 42.3163032], [-87.9638102, 42.3163321], [-87.9637359, 42.3163429], [-87.9636717, 42.3163391], [-87.9635997, 42.3163291], [-87.9635401, 42.3163119], [-87.9634692, 42.3162691], [-87.9634342, 42.3162277], [-87.9634075, 42.3161765], [-87.9633868, 42.3161251], [-87.9633677, 42.3160688], [-87.9633573, 42.3160344], [-87.9633187, 42.3159777], [-87.9632919, 42.3159537], [-87.9632542, 42.3159339], [-87.9632036, 42.3159252], [-87.9631593, 42.3159252], [-87.9630974, 42.3159304], [-87.9630489, 42.3159542], [-87.9629952, 42.3160209], [-87.9629433, 42.3160905], [-87.9629136, 42.3161135], [-87.9628794, 42.3161279], [-87.9628299, 42.3161404], [-87.9627702, 42.3161374], [-87.9626725, 42.3161203]], [[-87.9626725, 42.3161203], [-87.9623144, 42.3160511]], [[-87.9623144, 42.3160511], [-87.9622291, 42.316025], [-87.9621888, 42.3159902], [-87.9621674, 42.3159389], [-87.9621726, 42.3158902], [-87.9622071, 42.3158098], [-87.9622119, 42.3157199], [-87.9621848, 42.3156309], [-87.9621865, 42.315561], [-87.9622083, 42.3154891], [-87.9622534, 42.3154337], [-87.962323, 42.3153899], [-87.962375, 42.3153282], [-87.9623936, 42.3152847], [-87.9623928, 42.3152369], [-87.9623671, 42.3151452], [-87.9623304, 42.3150439], [-87.9623049, 42.3149305]], [[-88.0042617, 42.3262751], [-88.0042902, 42.3263412], [-88.0042902, 42.3263968], [-88.0042678, 42.3264449], [-88.0041113, 42.3265035], [-88.0040462, 42.3265336], [-88.0039934, 42.3265952], [-88.0039692, 42.3266309]], [[-88.004354, 42.326722], [-88.0042353, 42.3270461], [-88.0041397, 42.3271227], [-88.0037251, 42.3273346], [-88.0035462, 42.3274563], [-88.0033083, 42.3276848], [-88.0032596, 42.3277629], [-88.0032352, 42.3278877], [-88.0031701, 42.3279974]], [[-87.9623049, 42.3149305], [-87.962301, 42.3148233], [-87.9623091, 42.3147485], [-87.9623287, 42.3146806]], [[-87.9623287, 42.3146806], [-87.9623601, 42.3145762], [-87.9623548, 42.3145268], [-87.9623471, 42.3144907], [-87.9623332, 42.3144475], [-87.9621776, 42.3144247]], [[-87.9621776, 42.3144247], [-87.9619944, 42.3143992]], [[-87.9627509, 42.3157918], [-87.9629085, 42.3158258], [-87.9630077, 42.3158561], [-87.963059, 42.3158955], [-87.9630974, 42.3159304]], [[-88.0052223, 42.3261896], [-88.0051484, 42.3262363], [-88.0051243, 42.326268], [-88.0051218, 42.3263044], [-88.0051643, 42.326443], [-88.0051908, 42.3265543], [-88.0051948, 42.326618], [-88.0051858, 42.3266628], [-88.0051601, 42.326695], [-88.0051242, 42.3267266], [-88.0050574, 42.3267422], [-88.005005, 42.3267453]], [[-87.9619944, 42.3143992], [-87.9618782, 42.314372], [-87.9617837, 42.3143187], [-87.9617159, 42.3142356], [-87.9616766, 42.3141501], [-87.9616543, 42.3140194], [-87.9616246, 42.3139303], [-87.9615537, 42.3138628], [-87.9614054, 42.313775], [-87.9613284, 42.3137026], [-87.9612498, 42.3135804], [-87.9611685, 42.3134898], [-87.9610298, 42.3133961], [-87.9608525, 42.3133309], [-87.9606608, 42.3132961], [-87.9604998, 42.3133031], [-87.9602708, 42.3133179], [-87.9599715, 42.3133119], [-87.9598198, 42.3133119], [-87.9597017, 42.3133285], [-87.9596009, 42.3133782], [-87.9592839, 42.3135646], [-87.9591264, 42.3136248], [-87.9589432, 42.3136628], [-87.958784, 42.3136672], [-87.9585624, 42.3136729], [-87.9580318, 42.3137533], [-87.9575769, 42.3138243]]]}}, {"type": "Feature", "properties": {"name": "Yellow Loop", "surface": "gravel", "distance": "2.2 mi", "network": "foot"}, "geometry": {"type": "MultiLineString", "coordinates": [[[-87.9411114, 42.4686317], [-87.9412053, 42.4685228], [-87.9413394, 42.4683428], [-87.9414118, 42.4682003], [-87.9413716, 42.4680183], [-87.9409425, 42.467773], [-87.940575, 42.4674663], [-87.9405455, 42.4673693], [-87.9406206, 42.4672328], [-87.9407306, 42.4671121], [-87.9409425, 42.466936], [-87.9409827, 42.4668569], [-87.9408969, 42.466659], [-87.9409076, 42.4664137], [-87.9409398, 42.4663266], [-87.9409492, 42.4662745], [-87.9409612, 42.466109], [-87.9409451, 42.4659962], [-87.9408566, 42.4659111], [-87.9407627, 42.4658241], [-87.9404516, 42.4657014], [-87.9401485, 42.4655965], [-87.9399178, 42.4655392], [-87.9396255, 42.4654956], [-87.9390515, 42.4654897], [-87.9388262, 42.4654837], [-87.9386221, 42.4655168], [-87.9382305, 42.4656513], [-87.9378389, 42.4658571], [-87.9377102, 42.4659481], [-87.9375278, 42.4660589], [-87.9369699, 42.4661855], [-87.9368036, 42.4661697], [-87.936648, 42.4661776], [-87.9363422, 42.4662211], [-87.9361652, 42.466237], [-87.9360043, 42.4662211], [-87.9355859, 42.466138], [-87.9353713, 42.466051], [-87.9352211, 42.4659758], [-87.9350387, 42.4658729], [-87.9348134, 42.4658017], [-87.9344969, 42.4657067], [-87.9342018, 42.4656236], [-87.9339497, 42.4656355], [-87.9336708, 42.4656869], [-87.9335152, 42.4657463], [-87.9334562, 42.4658412], [-87.9334025, 42.46596], [-87.933424, 42.4661737], [-87.9334645, 42.4663049], [-87.9334564, 42.466479], [-87.9333899, 42.4666507], [-87.9333879, 42.4666644], [-87.9333008, 42.4669301], [-87.9332391, 42.4670271], [-87.9331345, 42.4671062], [-87.9330165, 42.4671695], [-87.9328368, 42.4673733], [-87.9326947, 42.4675811], [-87.9326249, 42.4677393], [-87.9326732, 42.4680242], [-87.9326598, 42.4683171], [-87.9326664, 42.4685804], [-87.9326678, 42.4686356], [-87.9326061, 42.4687108], [-87.932515, 42.4687741], [-87.9324452, 42.4688414], [-87.9324264, 42.4689383], [-87.9325015, 42.4690155], [-87.9328127, 42.4691718], [-87.9328274, 42.4692005], [-87.9328261, 42.4692341], [-87.9325726, 42.469429], [-87.9325485, 42.4695072], [-87.9325753, 42.4696496], [-87.9325726, 42.4698712], [-87.9324935, 42.4700255], [-87.9324774, 42.470074], [-87.9325217, 42.4701264], [-87.9326491, 42.4701927], [-87.9326906, 42.4702481], [-87.9327, 42.4703163], [-87.932688, 42.470443], [-87.9326316, 42.4705864], [-87.9326196, 42.4706774], [-87.9326893, 42.4707506], [-87.9329039, 42.4708416], [-87.9329468, 42.4708852], [-87.9329627, 42.471211], [-87.9329251, 42.471298], [-87.9328607, 42.4713574], [-87.9326462, 42.4715038], [-87.9326462, 42.4716264], [-87.9327856, 42.4717095], [-87.9330109, 42.4717847], [-87.933247, 42.4718164], [-87.9334669, 42.4718045], [-87.9336654, 42.4717214], [-87.93388, 42.4715869], [-87.9341517, 42.4714888], [-87.9346846, 42.4713138], [-87.9348831, 42.4713534], [-87.9349958, 42.4713415], [-87.93572, 42.4709656], [-87.9358487, 42.4709023], [-87.9359077, 42.4708034], [-87.9361759, 42.4706214], [-87.9363262, 42.4705423], [-87.9364817, 42.4705027], [-87.936635, 42.470507], [-87.9367879, 42.4705427], [-87.9369488, 42.4706416], [-87.9370664, 42.4707084], [-87.9373508, 42.4707322], [-87.9377799, 42.4708192], [-87.9382845, 42.4707741], [-87.9386949, 42.4706495], [-87.9390248, 42.4704358], [-87.9392662, 42.4701351], [-87.9393789, 42.4700599], [-87.939851, 42.4698541], [-87.9399985, 42.4696919], [-87.940315, 42.4694624], [-87.9403552, 42.4693655], [-87.9403579, 42.4692606], [-87.9403177, 42.4691261], [-87.9399448, 42.4689698], [-87.9398697, 42.4688827], [-87.9398536, 42.4688055], [-87.9399019, 42.4687165], [-87.9400521, 42.4687086], [-87.9403954, 42.4687759], [-87.9405751, 42.4687917], [-87.940669, 42.4687759], [-87.940838, 42.4686888], [-87.940956, 42.4686473], [-87.9411114, 42.4686317]], [[-88.0039766, 42.4485611], [-88.0036977, 42.4485789], [-88.003416, 42.4486284], [-88.0029145, 42.4487511], [-88.002598, 42.4487946], [-88.002311, 42.4488025], [-88.001914, 42.4487728], [-88.0017504, 42.4487669], [-88.0015063, 42.4488025], [-88.001104, 42.4489074], [-88.0009135, 42.448943], [-88.0007392, 42.4489232], [-88.000597, 42.448854], [-88.0005032, 42.448761], [-88.0004415, 42.4486303], [-88.0004254, 42.4484661], [-88.000471, 42.4483057], [-88.0005192, 42.4481415], [-88.000538, 42.4479911], [-88.0005139, 42.4477991], [-88.0004817, 42.4476229], [-88.0005112, 42.4474883], [-88.0005863, 42.4473755], [-88.000699, 42.4472746], [-88.0008813, 42.4471954], [-88.0010986, 42.447136], [-88.0012703, 42.4471044], [-88.0014339, 42.4470945], [-88.0015975, 42.4471202], [-88.0019462, 42.4471954], [-88.0020535, 42.4472033], [-88.0021554, 42.4471915], [-88.0022493, 42.4471519], [-88.0024343, 42.4470193], [-88.0025738, 42.4469302], [-88.0027026, 42.4468867], [-88.0028581, 42.4468728], [-88.0030003, 42.4468985], [-88.0031103, 42.4469421], [-88.0032068, 42.4470074], [-88.0032658, 42.4470945], [-88.0032926, 42.4471836], [-88.0032846, 42.4472944], [-88.0032685, 42.4474606], [-88.0032846, 42.4475477], [-88.0033168, 42.447621], [-88.0033812, 42.4476823], [-88.0034616, 42.4477397], [-88.003577, 42.4477832], [-88.0038103, 42.4478525], [-88.0039122, 42.4479159], [-88.0039686, 42.447995], [-88.0039927, 42.448096], [-88.0039927, 42.4482127], [-88.0039766, 42.4485611]]]}}, {"type": "Feature", "properties": {"name": "Chain O' Lakes Bike Path", "surface": "asphalt", "distance": "2.1 mi", "network": "foot"}, "geometry": {"type": "MultiLineString", "coordinates": [[[-88.1801589, 42.3956416], [-88.1801339, 42.3955643], [-88.1800957, 42.3954461], [-88.1800557, 42.3953512], [-88.1799855, 42.3952137], [-88.1798532, 42.3949032], [-88.179703, 42.3945268], [-88.1795153, 42.394194], [-88.1792682, 42.3938529], [-88.1789303, 42.3934766], [-88.1786945, 42.3932551], [-88.1784314, 42.3930447], [-88.1781524, 42.3928387], [-88.1779325, 42.392704], [-88.1778013, 42.3926103], [-88.1777611, 42.3925816], [-88.1776863, 42.392542], [-88.1775302, 42.3924623], [-88.1773746, 42.392399], [-88.1771332, 42.3922524], [-88.1768921, 42.3921299], [-88.1767255, 42.392086], [-88.1761196, 42.3918605], [-88.1755453, 42.3916422], [-88.1751701, 42.3915277], [-88.1748643, 42.3914208], [-88.1739628, 42.3910717], [-88.1729704, 42.3906874], [-88.172096, 42.3902991], [-88.1715059, 42.3900059], [-88.1698215, 42.3891422], [-88.1684106, 42.3884053], [-88.1673485, 42.3878585], [-88.1662061, 42.3872685], [-88.1651974, 42.3867451], [-88.1642639, 42.3862578], [-88.1636095, 42.3859527], [-88.1630248, 42.3857387], [-88.1624722, 42.3855921], [-88.1617373, 42.3854574], [-88.1612816, 42.3853825], [-88.160831, 42.3853032], [-88.1601441, 42.3851721], [-88.1595274, 42.3850497], [-88.1586477, 42.384907], [-88.1580359, 42.3847957], [-88.1571776, 42.3846451], [-88.1562498, 42.3844751], [-88.1559172, 42.3844117], [-88.1558353, 42.3843982], [-88.1556919, 42.3843761], [-88.1547746, 42.3842136], [-88.1546597, 42.3841923], [-88.1544524, 42.3841538], [-88.1539163, 42.384067], [-88.1533527, 42.3839636], [-88.1527844, 42.3838253], [-88.1524354, 42.3837377], [-88.152076, 42.3836268], [-88.1516096, 42.3834806], [-88.1509763, 42.3832385], [-88.1503489, 42.3829337], [-88.1498176, 42.3826639], [-88.1494209, 42.3824543], [-88.1491044, 42.3822997], [-88.1486481, 42.3820893], [-88.1482673, 42.3819269], [-88.1477952, 42.3817644], [-88.1476585, 42.3817242], [-88.1473584, 42.381638], [-88.1471398, 42.3815717], [-88.146836, 42.3815113], [-88.146643, 42.3814836]], [[-88.146643, 42.3814836], [-88.1462381, 42.3814108]], [[-88.1800698, 42.3967028], [-88.180064, 42.3966509], [-88.1800913, 42.3964921], [-88.1801073, 42.3963166], [-88.1801852, 42.3959666], [-88.180185, 42.3959571], [-88.1801843, 42.3959108]], [[-88.1801843, 42.3959108], [-88.1801589, 42.3956416]]]}}, {"type": "Feature", "properties": {"name": "Pines Dunes Yellow Loop", "surface": "gravel", "distance": "1.9 mi", "network": "foot"}, "geometry": {"type": "MultiLineString", "coordinates": [[[-87.9694755, 42.4877356], [-87.9694024, 42.4878488], [-87.9692121, 42.48799], [-87.9691226, 42.48806], [-87.9690806, 42.4881357], [-87.9690749, 42.4882142], [-87.9691115, 42.4882952], [-87.9691186, 42.4883776], [-87.9691064, 42.4884511], [-87.9690627, 42.488505], [-87.9689631, 42.4885735], [-87.9688493, 42.4886019], [-87.9686562, 42.4886079], [-87.9684915, 42.4886079], [-87.9682964, 42.4886304], [-87.9681419, 42.4886514], [-87.9679549, 42.4887024], [-87.9678227, 42.4887219], [-87.967652, 42.4887263], [-87.967465, 42.4887174], [-87.9673146, 42.4887233], [-87.9670523, 42.4887144], [-87.9669091, 42.4886953], [-87.9665665, 42.4887653], [-87.9661722, 42.4888523], [-87.9660177, 42.4889137], [-87.9659221, 42.4889857], [-87.9658307, 42.4890891], [-87.9657433, 42.489242], [-87.965662, 42.4893259], [-87.9655705, 42.4893769], [-87.9654526, 42.4894039], [-87.965355, 42.4893994], [-87.9652066, 42.4893799], [-87.9649525, 42.4893484], [-87.9647066, 42.4893409], [-87.964483, 42.4893469], [-87.9642614, 42.4893439], [-87.9640947, 42.4893199], [-87.9639545, 42.489278], [-87.9637796, 42.489218], [-87.9636191, 42.4891386], [-87.9635235, 42.4890696], [-87.9634971, 42.4890246], [-87.9634829, 42.4888972], [-87.9634768, 42.4886769], [-87.9634483, 42.4886019], [-87.963367, 42.4885315], [-87.9631841, 42.4884925], [-87.9629096, 42.488446], [-87.9627125, 42.4883996], [-87.9625702, 42.4883351], [-87.9624035, 42.4882197], [-87.9623222, 42.4881942], [-87.9621657, 42.4882002], [-87.961942, 42.4882752], [-87.9618038, 42.4882931], [-87.961631, 42.4882692], [-87.9613404, 42.4882017], [-87.9611513, 42.4881762], [-87.9610212, 42.4881807], [-87.9603951, 42.4882872], [-87.9601532, 42.4882782], [-87.959887, 42.4882437], [-87.9596573, 42.4882122], [-87.9595007, 42.4882122], [-87.9593341, 42.4882527], [-87.9590332, 42.4883396], [-87.958956, 42.4883366], [-87.9588604, 42.4883081], [-87.9587954, 42.4882482], [-87.9587629, 42.4881852], [-87.9587527, 42.4880893], [-87.9588279, 42.4879229], [-87.9589478, 42.4877655], [-87.9589551, 42.4877512], [-87.9589763, 42.48771]], [[-87.9589763, 42.48771], [-87.9589946, 42.4876381], [-87.958958, 42.4875002], [-87.9590596, 42.4874312], [-87.9590923, 42.4873744], [-87.9590691, 42.4873187], [-87.9589755, 42.4872435], [-87.9588821, 42.4871746], [-87.9588541, 42.4870972], [-87.9588658, 42.4870317], [-87.9588915, 42.4869749], [-87.9589545, 42.4868836], [-87.9590175, 42.4867114], [-87.9589638, 42.4865306], [-87.958784, 42.4863326], [-87.958679, 42.4861845], [-87.9586019, 42.4860037], [-87.9585716, 42.4858074], [-87.9585739, 42.4855526], [-87.9585977, 42.4853506], [-87.9586374, 42.4851319], [-87.9586556, 42.4850722], [-87.9586416, 42.484993], [-87.9585926, 42.4849172], [-87.9585249, 42.4848638], [-87.9584315, 42.4848035], [-87.9583778, 42.4847398], [-87.9583451, 42.4846537], [-87.9583474, 42.4845952], [-87.9583614, 42.4845056], [-87.9583567, 42.4844299], [-87.9583147, 42.4843438], [-87.9582447, 42.484256], [-87.9581956, 42.484175], [-87.958198, 42.484113], [-87.9582166, 42.484051], [-87.958268, 42.4839581], [-87.9582937, 42.4838995], [-87.9583007, 42.4838237], [-87.9582984, 42.4837256], [-87.95831, 42.4836326], [-87.9583591, 42.4835568], [-87.9584338, 42.4835052], [-87.9585459, 42.4834776], [-87.958658, 42.4834707], [-87.9588377, 42.4834673], [-87.9589592, 42.483457], [-87.9590876, 42.4834329], [-87.9592347, 42.4833691], [-87.9593491, 42.483271], [-87.9594215, 42.4831504], [-87.9594448, 42.4830265], [-87.9594542, 42.4829249], [-87.9594845, 42.4828456], [-87.9595429, 42.4827733], [-87.9596457, 42.4827182], [-87.9597834, 42.4826889], [-87.9600239, 42.4826459], [-87.9602434, 42.4825891], [-87.9603952, 42.4825271], [-87.9605727, 42.4824375], [-87.960652, 42.4823618], [-87.9606692, 42.4823393], [-87.9607034, 42.4822946], [-87.9607618, 42.4821293], [-87.9608015, 42.4819967], [-87.9608202, 42.4818813], [-87.9608529, 42.4817332], [-87.9609089, 42.4815558], [-87.9610186, 42.4813819], [-87.9611167, 42.4812614], [-87.9612241, 42.4811598], [-87.9613385, 42.4810788], [-87.9614623, 42.4810203], [-87.9616416, 42.4809696], [-87.9619036, 42.4809376], [-87.9622235, 42.4809032], [-87.96252, 42.4809015], [-87.962903, 42.4809497], [-87.9631341, 42.4809945], [-87.9635825, 42.4811305], [-87.963879, 42.4812269], [-87.9641966, 42.4812855], [-87.9644674, 42.4813148], [-87.9647196, 42.4813096], [-87.9649881, 42.481282], [-87.9652006, 42.4812683], [-87.9653407, 42.4812786], [-87.9655392, 42.4813337], [-87.9656793, 42.481394], [-87.9658264, 42.4815403], [-87.9658941, 42.4816936], [-87.9659011, 42.4818124], [-87.9658754, 42.4819416], [-87.9658287, 42.4820277], [-87.9657563, 42.4821103], [-87.9656513, 42.4821861], [-87.9655509, 42.4822498], [-87.9654621, 42.4823084], [-87.9654061, 42.4823738], [-87.9653337, 42.4824875], [-87.965308, 42.4825925], [-87.9653127, 42.4827595], [-87.9653734, 42.4829042], [-87.9655299, 42.4830764], [-87.9656583, 42.4831832], [-87.9658638, 42.4833123], [-87.9659762, 42.4833689], [-87.9660996, 42.4834311], [-87.9664405, 42.4835741], [-87.9665993, 42.4836911], [-87.9667674, 42.4838633], [-87.9668585, 42.4839012], [-87.9669659, 42.4839047], [-87.967155, 42.4839047], [-87.9674072, 42.4839012], [-87.9677224, 42.4839133], [-87.9679232, 42.4839288], [-87.9681684, 42.4839684], [-87.9684229, 42.4840149], [-87.9687918, 42.4840338], [-87.9689063, 42.4840562], [-87.9690113, 42.4841044], [-87.9690861, 42.4841888], [-87.9692282, 42.484465]], [[-87.9693222, 42.4872504], [-87.9693968, 42.487368], [-87.9694277, 42.4874366], [-87.969448, 42.4875236], [-87.969456, 42.4875883]], [[-87.969456, 42.4875883], [-87.9694755, 42.4877356]], [[-87.9692282, 42.484465], [-87.9692654, 42.4845226], [-87.9692961, 42.4845629], [-87.9693528, 42.4846214], [-87.9694143, 42.4846771], [-87.9694619, 42.4847155]]]}}, {"type": "Feature", "properties": {"name": "Vernon Hills Bike Path", "surface": "concrete", "distance": "1.7 mi", "network": "foot"}, "geometry": {"type": "MultiLineString", "coordinates": [[[-87.9625638, 42.2171447], [-87.9624367, 42.2170861], [-87.9624342, 42.2170849], [-87.9622778, 42.2169535], [-87.962175, 42.2168567], [-87.9619602, 42.2166837], [-87.9618388, 42.2165973], [-87.961743, 42.2165419], [-87.9616566, 42.2164987], [-87.9615282, 42.2164139], [-87.9614562, 42.2163708], [-87.9613811, 42.2163258], [-87.9613105, 42.2162819], [-87.961234, 42.2162343], [-87.9610892, 42.2161131], [-87.9609243, 42.2159543], [-87.9606767, 42.215758], [-87.9605915, 42.215686], [-87.9604049, 42.2155281], [-87.9602684, 42.2154238], [-87.960176, 42.215344], [-87.9601204, 42.2153276], [-87.9600734, 42.2152999], [-87.9600344, 42.2152772], [-87.9599788, 42.2152334], [-87.9599154, 42.2151679], [-87.959813, 42.2150826], [-87.9595672, 42.2149043], [-87.9593249, 42.2147235], [-87.9593031, 42.2147069], [-87.9592313, 42.2146523], [-87.9591781, 42.2146026], [-87.9591375, 42.2145648], [-87.9591071, 42.2145296], [-87.9590774, 42.2144888], [-87.9590605, 42.2144641], [-87.9590408, 42.2144329], [-87.958887, 42.2142759], [-87.9586185, 42.2140746], [-87.9580884, 42.2137188], [-87.9579542, 42.2136305], [-87.9578516, 42.2135591], [-87.9577511, 42.2134867], [-87.9576538, 42.213445], [-87.9575067, 42.2133412], [-87.9573719, 42.213284], [-87.9572046, 42.2132473], [-87.9570581, 42.2132078], [-87.9569562, 42.21317], [-87.9568704, 42.2131164], [-87.9567336, 42.213033], [-87.9566263, 42.2129754], [-87.9564573, 42.2128979], [-87.9563232, 42.2128482], [-87.9562709, 42.212812], [-87.9562401, 42.2127822], [-87.9561757, 42.2127186], [-87.956149, 42.2126961], [-87.9560845, 42.2126416], [-87.955937, 42.2125721], [-87.9557954, 42.2125246]], [[-87.9498329, 42.2097466], [-87.9495284, 42.2095793], [-87.9492854, 42.2094629], [-87.9490493, 42.2093624], [-87.9487344, 42.2092455], [-87.948477, 42.2091502], [-87.9482264, 42.209002], [-87.9481481, 42.2089118], [-87.948104, 42.2088723], [-87.9480478, 42.208822], [-87.9479604, 42.2087712], [-87.9477404, 42.2087], [-87.9473681, 42.2085887], [-87.9471611, 42.2085518], [-87.9470393, 42.2084882], [-87.946809, 42.2084154], [-87.9466752, 42.2082847], [-87.9465049, 42.2082644], [-87.946347, 42.2081772], [-87.9462117, 42.207987], [-87.9458881, 42.2078999], [-87.9455998, 42.2077263], [-87.9453654, 42.2076517], [-87.9451103, 42.207454], [-87.9448585, 42.2073178]], [[-87.9553481, 42.2122684], [-87.9553109, 42.2122541], [-87.9552952, 42.21223], [-87.9552366, 42.2121885], [-87.9550479, 42.2120979], [-87.9542487, 42.2117431], [-87.9536084, 42.211435], [-87.9530396, 42.2111918], [-87.9526333, 42.2109896], [-87.952279, 42.2108211], [-87.9518694, 42.2106622], [-87.9514274, 42.2104648], [-87.9514014, 42.2103925], [-87.9513021, 42.2103441], [-87.9511369, 42.2102636], [-87.9510561, 42.2102242]], [[-87.9639643, 42.2141329], [-87.9638951, 42.2141534], [-87.9638838, 42.214195], [-87.9638785, 42.2143623], [-87.9638805, 42.214417], [-87.9639165, 42.2145467], [-87.9639817, 42.2146588], [-87.9641553, 42.2149202], [-87.9642089, 42.2150453], [-87.9642263, 42.2151814], [-87.9642049, 42.2153086], [-87.9641459, 42.2154238], [-87.9641104, 42.2155179], [-87.9640136, 42.2156189], [-87.9639559, 42.2156791], [-87.9638982, 42.2157623], [-87.9635602, 42.2161677], [-87.9629056, 42.2169392], [-87.9628677, 42.216978], [-87.962814, 42.2170028], [-87.9627692, 42.2169906]], [[-87.9627692, 42.2169906], [-87.9626886, 42.2170511], [-87.9625946, 42.2171216], [-87.9625638, 42.2171447]], [[-87.9556955, 42.2124015], [-87.955618, 42.2123718]], [[-87.955618, 42.2123718], [-87.9555642, 42.2123512], [-87.9554339, 42.2123013], [-87.9553481, 42.2122684]], [[-87.9448585, 42.2073178], [-87.9445895, 42.2072043], [-87.9440047, 42.2069556], [-87.9432159, 42.206585], [-87.9428141, 42.206428], [-87.9423977, 42.2061893], [-87.9421607, 42.2061174], [-87.9412159, 42.2056355], [-87.9411497, 42.2055865], [-87.9410654, 42.2055384], [-87.9409378, 42.2054655], [-87.9409155, 42.2054572], [-87.9407906, 42.205411], [-87.9405773, 42.2053314], [-87.9404122, 42.2052711], [-87.940029, 42.2050695], [-87.9394839, 42.2048179], [-87.9394764, 42.2048144], [-87.9394098, 42.2047918], [-87.9393764, 42.2047939], [-87.9393613, 42.2047867]], [[-87.9510561, 42.2102242], [-87.9509524, 42.2102135], [-87.9507731, 42.2101046], [-87.9498329, 42.2097466]], [[-87.9333192, 42.2042047], [-87.9333168, 42.2042781]], [[-87.9352115, 42.2028329], [-87.9351752, 42.2028191]]]}}, {"type": "Feature", "properties": {"name": "Buffalo Grove Road Bike Path", "surface": "concrete", "distance": "1.6 mi", "network": "foot"}, "geometry": {"type": "MultiLineString", "coordinates": [[[-87.9654299, 42.1887425], [-87.9656552, 42.1890505], [-87.9659046, 42.1892771], [-87.9662077, 42.1894877], [-87.9664197, 42.1896505], [-87.9665436, 42.1897269], [-87.9673362, 42.1902913], [-87.9681921, 42.1908935], [-87.9689187, 42.1914141], [-87.9692057, 42.1916904], [-87.969321, 42.1918116], [-87.9694364, 42.1919726], [-87.9696026, 42.1922587], [-87.9697689, 42.192674], [-87.9698253, 42.1930139], [-87.9698145, 42.1946178], [-87.9698132, 42.1947202], [-87.9697904, 42.196547], [-87.9697689, 42.1966623], [-87.9697743, 42.1968888], [-87.969777, 42.1969564], [-87.969771, 42.1969799]], [[-87.9697266, 42.1973651], [-87.9697474, 42.1973899], [-87.9697595, 42.1974243], [-87.9697667, 42.1974778], [-87.9697634, 42.1979302], [-87.9697634, 42.1980562], [-87.9697634, 42.1983157], [-87.9697446, 42.1985442], [-87.9697247, 42.1986333], [-87.9697133, 42.1987007]], [[-87.9696798, 42.1988096], [-87.96964, 42.1989138], [-87.9695006, 42.1992], [-87.9693577, 42.199493], [-87.9692109, 42.1997941], [-87.9690821, 42.2000484], [-87.9688836, 42.2003425], [-87.9686986, 42.2005372], [-87.9684116, 42.2007995], [-87.9682775, 42.2008909], [-87.9676418, 42.2012744], [-87.9664106, 42.2020215], [-87.9658796, 42.2023393], [-87.9658047, 42.2023841], [-87.9655309, 42.202548], [-87.9644285, 42.2032156], [-87.9636372, 42.2036964], [-87.9634253, 42.2038117], [-87.9632601, 42.2038956], [-87.9632376, 42.203907], [-87.9630042, 42.2040044], [-87.9627467, 42.2040918], [-87.9625214, 42.2041474], [-87.9622854, 42.2042031], [-87.9619448, 42.2042567], [-87.9617061, 42.2042826], [-87.9613554, 42.2042844]], [[-87.9611428, 42.2042841], [-87.9609872, 42.2042826], [-87.9602389, 42.2042845], [-87.960106, 42.2043011], [-87.9600347, 42.2043135], [-87.9599574, 42.204334], [-87.9598112, 42.20434], [-87.9594033, 42.2043393], [-87.9592496, 42.2043522], [-87.9591499, 42.204366], [-87.9590057, 42.2043797], [-87.9589471, 42.2043865], [-87.9588119, 42.2043819], [-87.9586001, 42.2043382], [-87.958525, 42.2043163], [-87.9584633, 42.2043104], [-87.9583908, 42.2043143], [-87.9582353, 42.2043322], [-87.9581065, 42.2043203], [-87.9577793, 42.2043004], [-87.9576157, 42.2042845], [-87.9574666, 42.2042845], [-87.957385, 42.2042845], [-87.9572804, 42.2043024], [-87.9571275, 42.2043302], [-87.9569827, 42.2043322], [-87.9563041, 42.2043481], [-87.9562531, 42.2043461], [-87.9562263, 42.2043243], [-87.9561941, 42.2042965], [-87.9561297, 42.2042786], [-87.9559473, 42.2042826], [-87.9558106, 42.2042826], [-87.9557355, 42.2042925], [-87.9556362, 42.2043143], [-87.9555584, 42.2043243]]]}}, {"type": "Feature", "properties": {"name": "Everett Road Bike Path", "surface": "paved", "distance": "1.6 mi", "network": "foot"}, "geometry": {"type": "MultiLineString", "coordinates": [[[-87.914744, 42.2221135], [-87.9147306, 42.2221731], [-87.9146769, 42.2222148], [-87.9146099, 42.2222327], [-87.9145348, 42.2222228], [-87.9144221, 42.222191], [-87.9143256, 42.2221751], [-87.9141861, 42.2221791], [-87.9139983, 42.222191], [-87.9137918, 42.2222208], [-87.9136148, 42.2222307], [-87.9134378, 42.2222029], [-87.9132876, 42.2221672], [-87.9131944, 42.2221521], [-87.91314, 42.2221433], [-87.9128959, 42.2221294], [-87.9126385, 42.2221294], [-87.9124024, 42.2221433], [-87.9122254, 42.2221533], [-87.9120886, 42.2221493], [-87.9118901, 42.2221235], [-87.9117775, 42.2221076], [-87.9111579, 42.2221115], [-87.9108414, 42.2221195], [-87.9105785, 42.2221294], [-87.910372, 42.2221215], [-87.9098248, 42.2221076], [-87.909621, 42.2221016], [-87.909342, 42.2220738], [-87.9091301, 42.2220619], [-87.9089343, 42.2220579], [-87.9086929, 42.2220758], [-87.9084381, 42.2221175], [-87.9082048, 42.2221493], [-87.9080197, 42.2221711], [-87.9077729, 42.2221771], [-87.9075101, 42.2221552], [-87.9071855, 42.2221135], [-87.9069575, 42.2220698], [-87.9067617, 42.22205], [-87.9065203, 42.222046], [-87.906354, 42.222046], [-87.9062756, 42.2220574], [-87.9061985, 42.2220857], [-87.9061207, 42.2221215], [-87.9060697, 42.2221711], [-87.9060365, 42.222214], [-87.906014, 42.2222231]], [[-87.8982026, 42.2219372], [-87.8972184, 42.2219387], [-87.8958519, 42.2219487], [-87.8939555, 42.2219536], [-87.8928867, 42.2219576], [-87.8927901, 42.2219526], [-87.8927056, 42.2219516], [-87.8926252, 42.2219546], [-87.8925313, 42.2219586], [-87.8923355, 42.2219566], [-87.892255, 42.2219526]], [[-87.899055, 42.2219366], [-87.8982026, 42.2219372]], [[-87.9057827, 42.2222215], [-87.9057749, 42.2222215], [-87.9057686, 42.2222215], [-87.9057418, 42.2222161], [-87.9057244, 42.2221987], [-87.9056929, 42.2221515], [-87.9056593, 42.2221128], [-87.9056191, 42.222077], [-87.9055809, 42.2220492], [-87.9055467, 42.2220358], [-87.9055038, 42.2220294], [-87.9054441, 42.2220294], [-87.9053113, 42.2220274], [-87.904966, 42.2220291], [-87.9034009, 42.2220222], [-87.9032132, 42.2220222], [-87.9031434, 42.2220261], [-87.9030697, 42.2220351], [-87.90278, 42.2220917], [-87.9027196, 42.2221036], [-87.902662, 42.2221076], [-87.902607, 42.2221026], [-87.9025574, 42.2220907], [-87.9025158, 42.2220738], [-87.9024608, 42.222045], [-87.9024085, 42.2220112], [-87.9023495, 42.2219715], [-87.9022959, 42.2219407], [-87.9022529, 42.2219248], [-87.9022047, 42.2219169], [-87.9021497, 42.2219179], [-87.9007093, 42.2219248], [-87.8993682, 42.2219328], [-87.8992773, 42.2219325], [-87.899055, 42.2219366]], [[-87.9203804, 42.2197459], [-87.9203188, 42.2197758], [-87.9202471, 42.2198577], [-87.9202272, 42.2198925], [-87.9202253, 42.2199348], [-87.9202313, 42.2199707], [-87.9202745, 42.2200819], [-87.9202809, 42.2201221], [-87.9202785, 42.2201523], [-87.9202658, 42.2201819], [-87.9202481, 42.2202048], [-87.9201214, 42.2202975], [-87.9200929, 42.220324], [-87.9200677, 42.2203533], [-87.9200536, 42.2203813], [-87.9200404, 42.2204107], [-87.9200287, 42.2205318], [-87.920024, 42.2205648], [-87.9200068, 42.2205946], [-87.9199788, 42.2206122], [-87.9197106, 42.2207356], [-87.9196486, 42.2207659], [-87.9195986, 42.2207988], [-87.9195614, 42.2208411], [-87.9195461, 42.2208703], [-87.9195121, 42.2209439], [-87.9194919, 42.2209754], [-87.9194597, 42.2209996], [-87.9191241, 42.2211057], [-87.9190623, 42.2211323], [-87.9190221, 42.2211631], [-87.9189897, 42.2212027], [-87.9189741, 42.2212524], [-87.9189711, 42.221288], [-87.9189791, 42.221328], [-87.9189971, 42.2213593], [-87.9190625, 42.221434], [-87.9190706, 42.2214615], [-87.9190748, 42.2215046], [-87.919051, 42.2215626], [-87.9190264, 42.2216132], [-87.9190242, 42.2216539], [-87.9190114, 42.221694], [-87.9189861, 42.2217322], [-87.9189405, 42.2217653], [-87.9188811, 42.2217851], [-87.918816, 42.2217871], [-87.9187144, 42.2217737], [-87.9186714, 42.2217772], [-87.9186106, 42.2217965], [-87.9185595, 42.2218089], [-87.9185088, 42.2218084], [-87.9184294, 42.2217943], [-87.9183481, 42.2217963], [-87.9182846, 42.2218121], [-87.9182267, 42.2218414], [-87.9181498, 42.2218955], [-87.9181241, 42.2219284], [-87.9180988, 42.2219572], [-87.9180648, 42.2219835], [-87.9180251, 42.2220008], [-87.9179496, 42.2220158], [-87.9177939, 42.2220173], [-87.9168576, 42.2219957], [-87.9157833, 42.2219757], [-87.9147627, 42.2219551], [-87.9147532, 42.2219588], [-87.9147468, 42.2219653], [-87.9147442, 42.2219712]], [[-87.892255, 42.2219526], [-87.8920681, 42.2219564], [-87.8919096, 42.2219596]], [[-87.9147442, 42.2219712], [-87.9147435, 42.2220108], [-87.914744, 42.2221135]]]}}, {"type": "Feature", "properties": {"name": "Prairie Farms Trail", "surface": "compacted", "distance": "1.6 mi", "network": "foot"}, "geometry": {"type": "MultiLineString", "coordinates": [[[-87.9307178, 42.5489547], [-87.9306527, 42.5455822], [-87.930655, 42.5435377], [-87.9320538, 42.5416809], [-87.9330336, 42.5408137], [-87.9330212, 42.5398194], [-87.9314006, 42.5381621], [-87.9311849, 42.5380532], [-87.9304455, 42.5380305], [-87.9302421, 42.5379533], [-87.929324, 42.5368363], [-87.9254295, 42.5367501], [-87.9233899, 42.5366547], [-87.9230941, 42.5366184], [-87.9212516, 42.5365775], [-87.9192216, 42.5365932], [-87.9189701, 42.5365927], [-87.9188165, 42.536592], [-87.9186926, 42.5365887], [-87.9186093, 42.5365852], [-87.918568, 42.5365761], [-87.9185303, 42.5365653], [-87.9184926, 42.5365528], [-87.9184602, 42.536538], [-87.9184315, 42.536514], [-87.9183983, 42.536478], [-87.9183777, 42.5364469], [-87.9183414, 42.5363342], [-87.9183158, 42.5362758], [-87.9182818, 42.5362099], [-87.9182481, 42.5361562], [-87.9182058, 42.536096], [-87.9181647, 42.5360187], [-87.918141, 42.5359542], [-87.9181292, 42.5358948], [-87.9181268, 42.5358323], [-87.9181189, 42.5357617], [-87.9181029, 42.5356847], [-87.9181012, 42.5356215]]]}}, {"type": "Feature", "properties": {"name": "Red Trail @ Grassy Lake Forest Preserve", "surface": "wood", "distance": "1.5 mi", "network": "foot"}, "geometry": {"type": "MultiLineString", "coordinates": [[[-88.1731957, 42.2091379], [-88.1732504, 42.2090903], [-88.1732901, 42.2090557], [-88.1733835, 42.2090211], [-88.173568, 42.2089848], [-88.1737922, 42.2089381], [-88.1739042, 42.2089035], [-88.1740327, 42.2088222], [-88.1741284, 42.2087513], [-88.1742101, 42.2086666], [-88.1742685, 42.2086251], [-88.1743642, 42.2086076]], [[-88.1743642, 42.2086076], [-88.1748637, 42.2085226], [-88.1748709, 42.2085213]], [[-88.1748709, 42.2085213], [-88.1750204, 42.2084988], [-88.1751768, 42.2084573], [-88.1753193, 42.2084072], [-88.17545, 42.208338], [-88.1755481, 42.2082342], [-88.1756278, 42.2081725], [-88.1756717, 42.2081539], [-88.1757236, 42.2081418], [-88.175797, 42.2081367], [-88.1758602, 42.2081385], [-88.1759287, 42.2081477]], [[-88.1759287, 42.2081477], [-88.1760029, 42.2081613], [-88.1760805, 42.2081843], [-88.1761493, 42.2082021], [-88.1762269, 42.2082357], [-88.1763342, 42.2082915], [-88.1763986, 42.208316], [-88.1764677, 42.2083316], [-88.1765474, 42.2083433], [-88.1766292, 42.2083466], [-88.1767221, 42.2083597], [-88.1768352, 42.2083828]], [[-88.1768352, 42.2083828], [-88.1769384, 42.2084198], [-88.1770275, 42.2084536], [-88.1771036, 42.2084792], [-88.1771931, 42.2084964], [-88.1772483, 42.2084959], [-88.1773028, 42.208483], [-88.1773462, 42.2084581], [-88.1773885, 42.2084237], [-88.1774181, 42.2083709], [-88.1774682, 42.2082341], [-88.1775015, 42.2081469], [-88.1775266, 42.2081105], [-88.177557, 42.2080605], [-88.1776082, 42.2080293], [-88.1776995, 42.207994], [-88.1777822, 42.2079756], [-88.1778714, 42.207974], [-88.1779928, 42.2079869], [-88.1782097, 42.208043], [-88.1783833, 42.208095], [-88.1785019, 42.2081425], [-88.1787062, 42.208255], [-88.1788778, 42.2083138], [-88.1790529, 42.2083553], [-88.1791642, 42.2084011], [-88.1792475, 42.2084572], [-88.1793039, 42.2085138], [-88.1793465, 42.2085955], [-88.1793868, 42.2086873], [-88.1794049, 42.2087584], [-88.1793984, 42.2088364], [-88.1793729, 42.2089078], [-88.1793405, 42.2089913], [-88.1793189, 42.2090647], [-88.1793378, 42.2091409], [-88.1793567, 42.209217], [-88.1793698, 42.2093374], [-88.1793238, 42.2095936], [-88.1793284, 42.2098842], [-88.1793168, 42.2100917], [-88.1793308, 42.2103684], [-88.1793098, 42.2105379], [-88.1792234, 42.2107783], [-88.179228, 42.210908], [-88.1792668, 42.2110888], [-88.1792981, 42.2112072], [-88.1792958, 42.2113093], [-88.179235, 42.2114027], [-88.1790996, 42.211503], [-88.1789922, 42.2116154], [-88.1789455, 42.2117313], [-88.1789315, 42.2118921], [-88.1789315, 42.2120073], [-88.1789315, 42.2120529], [-88.1789525, 42.2122518], [-88.1789935, 42.2123876], [-88.1790272, 42.2124991], [-88.1790646, 42.2126358], [-88.1790903, 42.2127326], [-88.1790296, 42.2128986], [-88.1789245, 42.2131511], [-88.1788708, 42.2133984], [-88.1788801, 42.2137028], [-88.1789502, 42.2140193], [-88.1790552, 42.2143894], [-88.1791323, 42.2146384], [-88.179137, 42.2148304], [-88.179109, 42.215152], [-88.1791113, 42.2153319], [-88.1791743, 42.21551], [-88.1793191, 42.2156829], [-88.1795573, 42.2158628], [-88.1797277, 42.2160029], [-88.1798678, 42.2161914], [-88.1799612, 42.2163816], [-88.1800149, 42.216596], [-88.1800359, 42.2168122], [-88.1800173, 42.2169799], [-88.1800056, 42.2171166], [-88.1800173, 42.2171944], [-88.1800546, 42.2172497], [-88.180113, 42.2173016], [-88.1801831, 42.2173293], [-88.1802508, 42.2173362], [-88.1804025, 42.2173189], [-88.1808579, 42.2172618], [-88.1811124, 42.2171926], [-88.1812992, 42.2171235], [-88.181521, 42.2170266], [-88.1816378, 42.2170059], [-88.1817965, 42.2170284], [-88.1819436, 42.2170751], [-88.1820837, 42.2171581], [-88.1822268, 42.2172246], [-88.1822962, 42.2172488], [-88.1823617, 42.2172635], [-88.182504, 42.2172635], [-88.1826348, 42.2172445], [-88.1827656, 42.2171823], [-88.18282, 42.2171487], [-88.1828917, 42.2171045], [-88.182971, 42.2170024], [-88.1830201, 42.2168675], [-88.1830107, 42.2167326], [-88.1829734, 42.2166064], [-88.1828496, 42.216456], [-88.1826745, 42.2162726], [-88.1825858, 42.2161706], [-88.1825577, 42.2160893], [-88.1826161, 42.2159735], [-88.1827165, 42.2159043], [-88.1828496, 42.2158801], [-88.1830201, 42.2159147], [-88.1831485, 42.2160115], [-88.1833727, 42.2162311], [-88.1835805, 42.2163574], [-88.1838233, 42.2164542], [-88.1840568, 42.2164975], [-88.1843067, 42.2164957], [-88.1845588, 42.2164542], [-88.184776, 42.2163626], [-88.1849535, 42.2162554], [-88.1850045, 42.2161816], [-88.1850492, 42.216117], [-88.1851029, 42.215996], [-88.1851262, 42.215868], [-88.1850982, 42.2157348], [-88.1849902, 42.2156463], [-88.1849497, 42.215628], [-88.1849063, 42.215615], [-88.1848386, 42.2156055], [-88.1847796, 42.2156065], [-88.1847216, 42.2156225], [-88.1846685, 42.21564], [-88.1846154, 42.2156709], [-88.1845784, 42.2157035], [-88.1845524, 42.2157371], [-88.1845315, 42.2157752], [-88.1844575, 42.2159495], [-88.1844187, 42.2160548]]]}}, {"type": "Feature", "properties": {"name": "Bike/Walking Path", "surface": "", "distance": "1.4 mi", "network": "foot"}, "geometry": {"type": "MultiLineString", "coordinates": [[[-88.0400907, 42.3511516], [-88.0405045, 42.3511564], [-88.0414694, 42.3511675], [-88.042317, 42.3511794], [-88.0427193, 42.3511794], [-88.0433845, 42.3511775], [-88.0434204, 42.3511718], [-88.0433367, 42.3510311], [-88.0430838, 42.3507025], [-88.043044, 42.3506644], [-88.0429899, 42.3506422], [-88.0427757, 42.3506274], [-88.0425439, 42.3506137], [-88.0424904, 42.3506074], [-88.0424443, 42.3505903], [-88.0424169, 42.3505693], [-88.0423959, 42.3505408], [-88.0423942, 42.3505021], [-88.042405, 42.3504554], [-88.0424534, 42.3502851], [-88.0425069, 42.3501199], [-88.0425166, 42.3500556], [-88.0424967, 42.3499912], [-88.04243, 42.3498973], [-88.0423543, 42.3497919], [-88.0422734, 42.349719], [-88.0422017, 42.3496945], [-88.0421197, 42.3496791], [-88.0420433, 42.3496848], [-88.0418975, 42.3497122], [-88.0418412, 42.3497201], [-88.0417899, 42.3497156], [-88.0417455, 42.3497036], [-88.0416994, 42.3496917], [-88.0416635, 42.3496905], [-88.0416094, 42.3496991], [-88.0415342, 42.3497127], [-88.0413565, 42.3497275], [-88.0412563, 42.3497258], [-88.041184, 42.349711], [-88.0411202, 42.3496603], [-88.0410211, 42.3495316], [-88.0408178, 42.3492583], [-88.0405137, 42.3488494], [-88.0403776, 42.3486711], [-88.040332, 42.348629], [-88.0402881, 42.3485885], [-88.0402483, 42.348539], [-88.0400854, 42.3483051], [-88.039742, 42.3480395], [-88.0393873, 42.3478497], [-88.0393578, 42.3478364], [-88.0392281, 42.3477798], [-88.038987, 42.3476951], [-88.0387925, 42.347647], [-88.0379932, 42.3474804], [-88.0377399, 42.3474679], [-88.0373495, 42.3474487], [-88.0368399, 42.3474408], [-88.0367595, 42.3473325], [-88.0359935, 42.3473493], [-88.0352869, 42.3473278], [-88.034736, 42.3473261], [-88.0343431, 42.3473249], [-88.0341439, 42.3474476], [-88.0341337, 42.348309], [-88.0341416, 42.3491416], [-88.0343722, 42.3493557], [-88.0346619, 42.3494073], [-88.0347907, 42.3494073], [-88.0347907, 42.3494173], [-88.0347907, 42.3496094], [-88.0347767, 42.3502857], [-88.0347698, 42.3503041], [-88.0347609, 42.3503168], [-88.0346688, 42.3503866], [-88.0346503, 42.3504139], [-88.0346479, 42.3504392], [-88.0346276, 42.3510771], [-88.0346447, 42.3511029], [-88.0346651, 42.3511245], [-88.0346941, 42.3511318], [-88.0350998, 42.3511308], [-88.0357704, 42.3511292], [-88.0362873, 42.3511279], [-88.0372476, 42.3511358], [-88.0382615, 42.3511596], [-88.0388408, 42.3511596], [-88.0391412, 42.3511873], [-88.0400907, 42.3511516]]]}}, {"type": "Feature", "properties": {"name": "14th Street Bike Path", "surface": "concrete", "distance": "1.4 mi", "network": "foot"}, "geometry": {"type": "MultiLineString", "coordinates": [[[-87.8560877, 42.3342651], [-87.8561576, 42.3342618], [-87.8563711, 42.3342396], [-87.8606457, 42.3342648], [-87.8610879, 42.3342868], [-87.8613462, 42.334286], [-87.8622579, 42.3342866], [-87.8624001, 42.3342866], [-87.8624549, 42.3342887], [-87.8626073, 42.3342944], [-87.8630276, 42.3342639], [-87.8639756, 42.3342749], [-87.8644726, 42.3342838], [-87.8647569, 42.3342849], [-87.8648954, 42.334278], [-87.8650141, 42.334268], [-87.865076, 42.3342509], [-87.8651227, 42.3342509], [-87.8651606, 42.3342584], [-87.8651942, 42.3342719], [-87.8652293, 42.3343063], [-87.8652368, 42.3343424], [-87.865228, 42.3344028], [-87.8652679, 42.3344113]], [[-87.8462223, 42.3342018], [-87.8465487, 42.3342046], [-87.8473649, 42.3342056], [-87.8495179, 42.3342112], [-87.8500049, 42.3342151], [-87.8506644, 42.3342201], [-87.8511076, 42.3342182], [-87.8535394, 42.3342322]], [[-87.8557569, 42.33426], [-87.8558947, 42.3342621], [-87.8560877, 42.3342651]], [[-87.8713936, 42.3343425], [-87.8714586, 42.3343428]], [[-87.8661169, 42.334316], [-87.8663353, 42.3342938], [-87.8665732, 42.3342869], [-87.8678316, 42.3342961], [-87.8695754, 42.3342967], [-87.8702868, 42.3343384], [-87.8713382, 42.3343423], [-87.8713936, 42.3343425]], [[-87.8537523, 42.334233], [-87.8546711, 42.3342353], [-87.8549478, 42.3342631], [-87.8553694, 42.3342556], [-87.8556013, 42.3342592], [-87.8557193, 42.3342598], [-87.8557367, 42.3342599], [-87.8557569, 42.33426]], [[-87.8535394, 42.3342322], [-87.8536459, 42.3342326], [-87.8537523, 42.334233]], [[-87.8460956, 42.3342007], [-87.846159, 42.3342012], [-87.8462223, 42.3342018]], [[-87.8451765, 42.3342071], [-87.8452872, 42.3342078], [-87.8453664, 42.334201], [-87.8454435, 42.3341987], [-87.846046, 42.3342008], [-87.8460956, 42.3342007]], [[-87.8654402, 42.334475], [-87.8654651, 42.3344893], [-87.8655264, 42.3344541], [-87.8656971, 42.3344014], [-87.8658754, 42.3343514], [-87.8659257, 42.3343404], [-87.8660061, 42.3343272], [-87.8661169, 42.334316]], [[-87.8653834, 42.3344421], [-87.86541, 42.3344574], [-87.8654402, 42.334475]], [[-87.8653492, 42.3344286], [-87.8653662, 42.3344321], [-87.8653834, 42.3344421]], [[-87.8652679, 42.3344113], [-87.8653085, 42.3344199], [-87.8653492, 42.3344286]]]}}, {"type": "Feature", "properties": {"name": "Aptakisic Road Bike Path", "surface": "concrete", "distance": "1.4 mi", "network": "foot"}, "geometry": {"type": "MultiLineString", "coordinates": [[[-87.9486498, 42.1824598], [-87.9486258, 42.1824672], [-87.9485761, 42.1825121], [-87.9485138, 42.1825378], [-87.948439, 42.182546], [-87.9481865, 42.1825382], [-87.9481016, 42.1825383], [-87.9479028, 42.1825386], [-87.9477247, 42.1825509], [-87.9476707, 42.1825512], [-87.9476208, 42.1825514], [-87.9474818, 42.1825521], [-87.9473563, 42.1825406], [-87.9470247, 42.1825387], [-87.9461724, 42.1825295], [-87.9461584, 42.1825305], [-87.9459472, 42.1825468], [-87.9457707, 42.182564], [-87.9452667, 42.1825549], [-87.9447494, 42.1825501], [-87.943902, 42.1825358], [-87.9435242, 42.1825359], [-87.9434571, 42.1825249], [-87.9434118, 42.1825081]], [[-87.9401752, 42.1822981], [-87.9376648, 42.18199], [-87.9359727, 42.1817667], [-87.9353586, 42.1816857]], [[-87.9554406, 42.182513], [-87.952156, 42.1825215], [-87.9502337, 42.1825247], [-87.9492834, 42.182536], [-87.949205, 42.1825346], [-87.9491252, 42.1825042], [-87.9490964, 42.1824492]], [[-87.9326361, 42.1813342], [-87.9325924, 42.1813211], [-87.9325492, 42.1813017], [-87.9320288, 42.1812321], [-87.9313692, 42.1811515], [-87.9307105, 42.181059], [-87.9306364, 42.1810584], [-87.9305632, 42.1810431], [-87.9296414, 42.1809198]], [[-87.949051, 42.1824589], [-87.9489737, 42.1824591], [-87.9488497, 42.1824593], [-87.9486937, 42.1824597], [-87.9486498, 42.1824598]], [[-87.9490964, 42.1824492], [-87.949051, 42.1824589]], [[-87.9296414, 42.1809198], [-87.929528, 42.1809031], [-87.9293953, 42.1808834], [-87.9293349, 42.1808737]], [[-87.9431749, 42.1825075], [-87.9431091, 42.1824947], [-87.9430394, 42.182478], [-87.942069, 42.1824684], [-87.9415623, 42.1824477], [-87.9409414, 42.1823944], [-87.9405381, 42.1823433]], [[-87.9405381, 42.1823433], [-87.9403649, 42.1823214], [-87.9401752, 42.1822981]], [[-87.9350912, 42.1816503], [-87.9348941, 42.1816243], [-87.9329254, 42.1813699], [-87.9327, 42.1813438], [-87.9326361, 42.1813342]], [[-87.9353586, 42.1816857], [-87.9351832, 42.1816625], [-87.9350912, 42.1816503]], [[-87.9434118, 42.1825081], [-87.9432877, 42.1825078], [-87.9431749, 42.1825075]]]}}, {"type": "Feature", "properties": {"name": "Red Trail", "surface": "ground", "distance": "1.3 mi", "network": "foot"}, "geometry": {"type": "MultiLineString", "coordinates": [[[-88.2398005, 42.5488233], [-88.2397349, 42.5488265]], [[-88.2397349, 42.5488265], [-88.2395336, 42.5488334], [-88.2394772, 42.5488478], [-88.2394268, 42.5488961], [-88.2394058, 42.5489509], [-88.23939, 42.5489877], [-88.2393583, 42.5490201], [-88.2393184, 42.5490482], [-88.2392729, 42.5490744], [-88.2392148, 42.5491017], [-88.239184, 42.5491114], [-88.2391526, 42.5491137], [-88.2391223, 42.5491048], [-88.2391036, 42.5490873], [-88.2390954, 42.5490556], [-88.2390876, 42.5490168], [-88.2390715, 42.5489785], [-88.2390554, 42.5489559], [-88.2390265, 42.548931], [-88.2389899, 42.5489117], [-88.2389401, 42.5489072], [-88.2388832, 42.5489044], [-88.2387897, 42.5488857], [-88.2385865, 42.5488447], [-88.2385042, 42.5488318], [-88.2384134, 42.548832], [-88.2383366, 42.5488493], [-88.2382695, 42.5489096], [-88.2382332, 42.5489889], [-88.2382283, 42.5490918], [-88.2382467, 42.5491795], [-88.2382789, 42.5492187], [-88.2383332, 42.5492367], [-88.2383968, 42.5492341], [-88.238465, 42.5492153], [-88.2385286, 42.5492043], [-88.2385946, 42.5492077], [-88.2386368, 42.5492286], [-88.2386533, 42.5492599], [-88.2386525, 42.5492975], [-88.2386152, 42.5493752], [-88.2385084, 42.5495157], [-88.2383909, 42.5497474], [-88.2383268, 42.5497896]], [[-88.2383268, 42.5497896], [-88.2382668, 42.549846], [-88.2381641, 42.549846], [-88.2380545, 42.549855], [-88.2379718, 42.5498693], [-88.2378563, 42.5498937], [-88.2377042, 42.5499307], [-88.2375906, 42.5499591], [-88.2374949, 42.5499864], [-88.23747301494254, 42.55]], [[-87.9344198, 42.2125251], [-87.9342204, 42.2125499], [-87.9340211, 42.2125609], [-87.9338084, 42.2125436], [-87.9336141, 42.212481], [-87.9334737, 42.2123974], [-87.9333398, 42.2123604], [-87.9332162, 42.2123465], [-87.9330832, 42.2123669], [-87.9329587, 42.2124037], [-87.9328699, 42.2124675], [-87.9328602, 42.2124744], [-87.9327806, 42.2125177], [-87.9327267, 42.2125851], [-87.9327613, 42.2127089], [-87.9327184, 42.212925], [-87.9327857, 42.213199], [-87.9328273, 42.2132695], [-87.9328702, 42.2133231], [-87.9329399, 42.2133738], [-87.9330164, 42.2134066], [-87.9331156, 42.2134463], [-87.9332068, 42.213491], [-87.9332631, 42.2135466], [-87.9333007, 42.2135993], [-87.9333168, 42.2136509], [-87.9333168, 42.2137065], [-87.9332993, 42.2137731], [-87.9332604, 42.2138317], [-87.9332202, 42.2138804], [-87.9332126, 42.2138859], [-87.9331035, 42.2139638], [-87.9330332, 42.2140458], [-87.9329958, 42.214144], [-87.9329711, 42.2142186], [-87.9329653, 42.214296], [-87.9329797, 42.2143978], [-87.9330156, 42.2144868], [-87.9330256, 42.2145538], [-87.9330332, 42.2146201]], [[-87.9319004, 42.2192749], [-87.9317346, 42.2193758], [-87.9315795, 42.2194924], [-87.9313265, 42.2197384], [-87.9310768, 42.21994], [-87.930952, 42.2200149], [-87.9308488, 42.2200641], [-87.9302812, 42.2202736], [-87.9301296, 42.220311], [-87.929963, 42.2203293], [-87.9298279, 42.2203132], [-87.9294323, 42.2202032], [-87.9291554, 42.2201605], [-87.9289095, 42.2201529], [-87.9286305, 42.2201329], [-87.9285322, 42.2201195], [-87.9284698, 42.2200914], [-87.9281477, 42.2198691], [-87.9278667, 42.2197354], [-87.9278374, 42.2197325], [-87.9276668, 42.2197156], [-87.9274862, 42.2197728], [-87.927374, 42.2197868], [-87.927248, 42.2197702], [-87.927148, 42.2197394], [-87.9270018, 42.2196056], [-87.9268046, 42.2194979], [-87.9266619, 42.219453], [-87.9264557, 42.2194479], [-87.9262864, 42.2194522], [-87.9261622, 42.2194553], [-87.926066, 42.2194768], [-87.9259998, 42.2195013], [-87.9259107, 42.2195126], [-87.9258191, 42.2195126], [-87.92573, 42.2194843]], [[-87.9329025, 42.2146631], [-87.9328791, 42.2147208], [-87.932835, 42.2148505], [-87.9327956, 42.2149211], [-87.9326325, 42.2150609], [-87.9325526, 42.2151321], [-87.9325107, 42.2152462], [-87.932533, 42.2153947], [-87.9325401, 42.2154622], [-87.9325694, 42.2156078], [-87.9326551, 42.2157944], [-87.9327265, 42.2159014], [-87.9328128, 42.2159827], [-87.9329054, 42.2161415]], [[-87.9200036, 42.2183506], [-87.9202067, 42.2183859], [-87.9204709, 42.2183754], [-87.9207657, 42.2184702], [-87.9210423, 42.2184692], [-87.9215661, 42.2185242], [-87.9221501, 42.2185059], [-87.9228827, 42.2185426], [-87.9238666, 42.2186107], [-87.9241497, 42.218692], [-87.9248826, 42.2190067]], [[-87.9248826, 42.2190067], [-87.9248949, 42.2190683], [-87.9249202, 42.2191176], [-87.9249477, 42.2191542], [-87.9254073, 42.2195979], [-87.9254532, 42.2196218], [-87.9256181, 42.2196427], [-87.9257503, 42.2196575], [-87.9259511, 42.2197205], [-87.9259998, 42.2195013], [-87.9260471, 42.2194049]]]}}, {"type": "Feature", "properties": {"name": "Prairie Road Bike Path", "surface": "concrete", "distance": "1.2 mi", "network": "foot"}, "geometry": {"type": "MultiLineString", "coordinates": [[[-87.9554821, 42.1955636], [-87.9554956, 42.1938873], [-87.9554956, 42.1938207], [-87.955509, 42.1921806], [-87.9555291, 42.1918106], [-87.9555331, 42.1916486], [-87.9555023, 42.1914757], [-87.9555613, 42.1906212], [-87.9555506, 42.1905457], [-87.955564, 42.1904881], [-87.9555638, 42.190444], [-87.955564, 42.1903668], [-87.9555586, 42.1903211], [-87.9555666, 42.1888465], [-87.9555774, 42.188773], [-87.9555962, 42.1886915], [-87.955623, 42.1863018], [-87.9556321, 42.1857277], [-87.9556435, 42.1845314]], [[-87.9554407, 42.2024224], [-87.9554458, 42.2022758], [-87.9554431, 42.2021049], [-87.9554431, 42.2018784], [-87.9554458, 42.2012406], [-87.9554404, 42.2005094], [-87.9554461, 42.1999261], [-87.9554511, 42.1996967], [-87.9554485, 42.199655], [-87.9554243, 42.1996093], [-87.9554163, 42.1995676], [-87.9554216, 42.1994662], [-87.9554431, 42.1994007], [-87.9554619, 42.199351], [-87.9554592, 42.1986933], [-87.9554538, 42.1984369], [-87.955435, 42.1983813], [-87.9553821, 42.1982571], [-87.9553559, 42.1981955]], [[-87.9555584, 42.2043243], [-87.9554914, 42.2043163], [-87.955427, 42.2042905], [-87.9553975, 42.2042488], [-87.9553895, 42.204215], [-87.9554163, 42.2040839], [-87.9554377, 42.2040123], [-87.9554485, 42.2038276], [-87.9554619, 42.203615], [-87.9554619, 42.2034183], [-87.9554551, 42.2033892], [-87.955427, 42.2032692], [-87.9554243, 42.2031778], [-87.9554324, 42.2031043], [-87.9554404, 42.2030209], [-87.9554404, 42.2028162], [-87.9554404, 42.2026632], [-87.9554347, 42.202596], [-87.9554353, 42.2025797], [-87.9554377, 42.2025092]]]}}, {"type": "Feature", "properties": {"name": "Old School Yellow Trail", "surface": "gravel", "distance": "1.1 mi", "network": "foot"}, "geometry": {"type": "MultiLineString", "coordinates": [[[-87.9165789, 42.2707399], [-87.9167682, 42.2709893], [-87.9169462, 42.2712479], [-87.9169796, 42.2712977], [-87.9170162, 42.2713533], [-87.9170589, 42.271406], [-87.9171179, 42.2714421], [-87.9172053, 42.2714842], [-87.9173028, 42.2715037], [-87.9173963, 42.2714962], [-87.9174858, 42.2714586], [-87.9175416, 42.2714186], [-87.917622, 42.2713353], [-87.9176809, 42.2712074], [-87.9177094, 42.2711638], [-87.9177724, 42.2711307], [-87.9179066, 42.2710991], [-87.9181688, 42.2710976], [-87.9182399, 42.2711277], [-87.9182602, 42.2712375], [-87.9182176, 42.2714105], [-87.9182176, 42.2716346], [-87.9182359, 42.2717654], [-87.9182928, 42.2718572], [-87.9184391, 42.27197], [-87.9185408, 42.2721024], [-87.9187705, 42.2723716], [-87.918868, 42.2724919], [-87.9189148, 42.2725792], [-87.9189087, 42.2726709], [-87.9188762, 42.2727161], [-87.918866, 42.2727657], [-87.9188477, 42.2728229], [-87.918864, 42.2729071], [-87.918868, 42.2729853], [-87.9187522, 42.273074], [-87.9185347, 42.2731643], [-87.9184391, 42.273226], [-87.9183538, 42.2733989], [-87.9183517, 42.2734771], [-87.9184086, 42.2735433], [-87.9188558, 42.2737539], [-87.9189087, 42.273796], [-87.9189331, 42.2738502], [-87.9189087, 42.2739118], [-87.9188599, 42.273966], [-87.918681, 42.2740126], [-87.9185774, 42.2740743], [-87.9181972, 42.2744593], [-87.9181566, 42.2745496], [-87.9181911, 42.2747707], [-87.918242, 42.2751707]], [[-87.9195068, 42.2633217], [-87.919328, 42.26336], [-87.9190705, 42.2634791], [-87.9188291, 42.2636657], [-87.9186413, 42.2639992], [-87.9187057, 42.2642057], [-87.9187862, 42.2643248], [-87.9187271, 42.2645352], [-87.9185609, 42.2646344], [-87.9183195, 42.2647773], [-87.9180995, 42.2648567], [-87.9178796, 42.2649599], [-87.9177884, 42.2651624], [-87.917606, 42.2653609], [-87.9176113, 42.2655475], [-87.9175577, 42.2656825], [-87.9174451, 42.2657817], [-87.9172627, 42.2658571], [-87.917091, 42.2660358], [-87.9170964, 42.2661946], [-87.9170803, 42.2663772], [-87.9170052, 42.2665002], [-87.9168764, 42.2665876], [-87.9166779, 42.2666035], [-87.9164741, 42.2666948], [-87.9164258, 42.2668059], [-87.9164741, 42.2669329], [-87.916517, 42.2670878], [-87.9164634, 42.2672505], [-87.9163453, 42.2673379], [-87.9160879, 42.267445], [-87.9159216, 42.2675562], [-87.9157767, 42.2678976], [-87.9157928, 42.267969], [-87.9158465, 42.2680207], [-87.916002, 42.2681358], [-87.9160396, 42.2683025], [-87.9160879, 42.2685327], [-87.9162166, 42.2688225], [-87.91634, 42.2691083], [-87.9164097, 42.2691957], [-87.9166028, 42.2692235], [-87.9168281, 42.2692433], [-87.9169623, 42.2693029], [-87.9170856, 42.2694021], [-87.917091, 42.2695688], [-87.9170052, 42.2696919], [-87.9168228, 42.2698665], [-87.9164848, 42.2702397], [-87.9164312, 42.2703429], [-87.9164258, 42.2704818], [-87.9164795, 42.2705969], [-87.9165789, 42.2707399]]]}}, {"type": "Feature", "properties": {"name": "North Cemetery Road Bike Path", "surface": "", "distance": "1.0 mi", "network": "foot"}, "geometry": {"type": "MultiLineString", "coordinates": [[[-87.9538393, 42.3641032], [-87.9538203, 42.3647918], [-87.9538044, 42.3657698], [-87.9538015, 42.3659491], [-87.9537691, 42.3667381], [-87.9537542, 42.3670978], [-87.9537537, 42.367137], [-87.9537489, 42.3675012], [-87.9537462, 42.3677117], [-87.9537374, 42.3683125], [-87.9537368, 42.3683493], [-87.953737, 42.3684721], [-87.9537382, 42.3691573], [-87.9537261, 42.3699222], [-87.9537226, 42.3701815], [-87.9537163, 42.3706472], [-87.9537133, 42.3708719], [-87.9536899, 42.3716834], [-87.9536838, 42.3727713], [-87.9536745, 42.3736135], [-87.9536577, 42.3754002], [-87.9536745, 42.3762894], [-87.9536758, 42.3772882], [-87.9536758, 42.3776888], [-87.9536798, 42.3778166], [-87.9536698, 42.3779077], [-87.9536476, 42.377987], [-87.9536188, 42.3780494], [-87.95359, 42.3780955], [-87.9535658, 42.3781291], [-87.9535571, 42.3781623], [-87.9535611, 42.3781965], [-87.9535698, 42.3782277], [-87.9535014, 42.378267]]]}}, {"type": "Feature", "properties": {"name": "Middlefork Greenway", "surface": "gravel", "distance": "0.9 mi", "network": "foot"}, "geometry": {"type": "MultiLineString", "coordinates": [[[-87.8837281, 42.2580309], [-87.8836614, 42.2580195], [-87.8834306, 42.2580366], [-87.8832158, 42.2580518], [-87.8831567, 42.2580515], [-87.8831096, 42.2580531], [-87.8829834, 42.2580394], [-87.882717, 42.2580406], [-87.882553, 42.2580179], [-87.8824687, 42.2580062], [-87.8824083, 42.2579891], [-87.8823725, 42.2578776]], [[-87.8819685, 42.2438119], [-87.8822199, 42.2438051], [-87.8824277, 42.2437918], [-87.8826431, 42.2437842], [-87.8828124, 42.2437709], [-87.8829868, 42.2437406], [-87.8831407, 42.2436817], [-87.8833408, 42.2436171], [-87.8834485, 42.2435868], [-87.8835485, 42.2435906], [-87.8836614, 42.2436342], [-87.8837537, 42.2437633], [-87.8838922, 42.2440216], [-87.8840025, 42.2442703], [-87.8840718, 42.2444602], [-87.8840641, 42.2446368], [-87.8839846, 42.2448475], [-87.8838692, 42.2450317], [-87.8837563, 42.2451627], [-87.8833562, 42.2453982], [-87.8832613, 42.2454665], [-87.8831997, 42.2455235], [-87.883133, 42.2456222], [-87.8830304, 42.2456678], [-87.8828919, 42.245683], [-87.8827534, 42.2456811], [-87.882579, 42.245645], [-87.8824354, 42.2456431], [-87.8822815, 42.2456773], [-87.8821379, 42.2456962], [-87.8819558, 42.2457095]], [[-87.8814351, 42.2434956], [-87.8813812, 42.2433589], [-87.8813402, 42.2431861], [-87.8813222, 42.2429943], [-87.8813453, 42.2428462], [-87.8814043, 42.2427513], [-87.8814992, 42.2426355], [-87.8815787, 42.2425007], [-87.8815967, 42.2424095], [-87.8815941, 42.2423203], [-87.8815556, 42.2422329], [-87.8814684, 42.2421019], [-87.8814197, 42.241988], [-87.8814069, 42.241912], [-87.8814248, 42.2417962], [-87.8814838, 42.2416215], [-87.8815403, 42.2414411], [-87.8815505, 42.2413481], [-87.8815403, 42.2412778], [-87.8814915, 42.2412304], [-87.8814325, 42.2412095]], [[-87.886582, 42.2796639], [-87.8866146, 42.2796332], [-87.886697, 42.2795936], [-87.886758, 42.2795757], [-87.8868819, 42.2795534], [-87.8870968, 42.2795378], [-87.8874119, 42.2795273], [-87.8876729, 42.2795244], [-87.8879384, 42.2795241], [-87.8881913, 42.2795342], [-87.8886408, 42.2795451], [-87.8890631, 42.2795536], [-87.8895096, 42.2795632], [-87.890008, 42.2795718], [-87.8905229, 42.2795809], [-87.8909171, 42.2795857], [-87.8912562, 42.2795792], [-87.8915855, 42.2795756], [-87.8919966, 42.27957], [-87.8923584, 42.2795637], [-87.8926621, 42.2795625], [-87.8928922, 42.2795614], [-87.8932519, 42.2795579], [-87.8933275, 42.2795573]]]}}, {"type": "Feature", "properties": {"name": "Old School Blue Loop", "surface": "gravel", "distance": "0.9 mi", "network": "foot"}, "geometry": {"type": "MultiLineString", "coordinates": [[[-87.9143632, 42.2720457], [-87.9142693, 42.2721093], [-87.9140494, 42.2721927], [-87.9139475, 42.2722522], [-87.9139206, 42.2723276], [-87.9140386, 42.2724586], [-87.9141459, 42.2726095], [-87.9141567, 42.2727246], [-87.914103, 42.2728198], [-87.9139904, 42.2729627], [-87.9139153, 42.273062], [-87.9134861, 42.273058], [-87.9133896, 42.2730699], [-87.9133359, 42.2731136], [-87.9132662, 42.2732287], [-87.9132286, 42.2734589], [-87.9132501, 42.2735939], [-87.9133305, 42.2737169], [-87.9134754, 42.2739154], [-87.9135076, 42.2740781], [-87.9135183, 42.2742687], [-87.9135827, 42.2744314], [-87.9136685, 42.2746299], [-87.9137007, 42.2748482], [-87.9137221, 42.2750903], [-87.9137865, 42.2758445], [-87.9138026, 42.2763366], [-87.9138026, 42.2765788], [-87.9137436, 42.277063], [-87.9137275, 42.2772376], [-87.9137812, 42.2776028], [-87.9136631, 42.2778449], [-87.9134754, 42.2783014], [-87.9134325, 42.2784681], [-87.9134647, 42.2786268], [-87.9135558, 42.27873], [-87.9136578, 42.2787975], [-87.9137436, 42.2788094], [-87.9138133, 42.2788015], [-87.9138831, 42.2787895], [-87.9139904, 42.2787578], [-87.9140601, 42.2787538], [-87.9141245, 42.2787618], [-87.9141674, 42.2787975], [-87.9142318, 42.2788411], [-87.9143122, 42.2788769], [-87.9144571, 42.2788888], [-87.9146234, 42.2788729], [-87.9147628, 42.2788134], [-87.9148393, 42.2787442]], [[-87.9151884, 42.276283], [-87.9152242, 42.2762215], [-87.9152242, 42.2761064], [-87.9151866, 42.2759318], [-87.915192, 42.2757809], [-87.9152027, 42.2756539], [-87.9152027, 42.2755706], [-87.9151491, 42.275511], [-87.9150633, 42.2754952], [-87.914913, 42.2754475], [-87.9148004, 42.2754039], [-87.9147307, 42.2753404], [-87.9146931, 42.275257], [-87.9146877, 42.2751498], [-87.914736, 42.2750149], [-87.9148165, 42.2748879], [-87.9149774, 42.2747013], [-87.9150364, 42.2745862], [-87.9150525, 42.2745068], [-87.9150472, 42.2743917], [-87.9150096, 42.2742964], [-87.9148701, 42.2741496], [-87.9147789, 42.2740623], [-87.9147092, 42.2739789], [-87.9146931, 42.2739035], [-87.9147521, 42.2738559], [-87.9148165, 42.2738241], [-87.914913, 42.2737685], [-87.9149881, 42.2736971], [-87.9150418, 42.2736058], [-87.9150472, 42.2735065], [-87.9150472, 42.2734113], [-87.9150633, 42.2733359], [-87.9149935, 42.2732565], [-87.9148272, 42.273189], [-87.9146395, 42.2731334], [-87.9144249, 42.2731056], [-87.9141459, 42.2731056], [-87.9139153, 42.273062]]]}}, {"type": "Feature", "properties": {"name": "Ice House Trail", "surface": "asphalt", "distance": "0.9 mi", "network": "foot"}, "geometry": {"type": "MultiLineString", "coordinates": [[[-88.2388194, 42.5358757], [-88.2385612, 42.5359751], [-88.2336446, 42.5380017], [-88.227813, 42.5403037], [-88.2276838, 42.5403921]], [[-88.2479211, 42.5322109], [-88.2472628, 42.532387], [-88.2466877, 42.5326471], [-88.2447755, 42.5334577], [-88.2438138, 42.5338253], [-88.2437264, 42.5338601]]]}}, {"type": "Feature", "properties": {"name": "McDonald Woods Lake Trail", "surface": "fine_gravel", "distance": "0.9 mi", "network": "foot"}, "geometry": {"type": "MultiLineString", "coordinates": [[[-88.0174003, 42.41962], [-88.0174142, 42.4198419], [-88.0174313, 42.4199477], [-88.0174744, 42.4200215], [-88.0175331, 42.4200851], [-88.0176898, 42.4201545], [-88.017827, 42.4202427], [-88.017966, 42.420383], [-88.0180522, 42.4204929], [-88.0180816, 42.420558], [-88.0180992, 42.4206202], [-88.0180718, 42.4207474], [-88.0179739, 42.4208747], [-88.0179271, 42.4209376], [-88.0177643, 42.4211566], [-88.0176076, 42.4215066], [-88.0175684, 42.4216714], [-88.0175743, 42.4218088], [-88.0176252, 42.4219707], [-88.0177055, 42.422085], [-88.0178035, 42.4221182], [-88.0179347, 42.4221443], [-88.0180444, 42.4221385], [-88.0181404, 42.422111], [-88.018207, 42.4221009], [-88.018254, 42.4221052], [-88.0183363, 42.4221457], [-88.0183852, 42.4221978], [-88.0184381, 42.4224754], [-88.0184297, 42.422629]], [[-88.0102959, 42.420901], [-88.0102142, 42.4210442], [-88.0101823, 42.4211689], [-88.0101782, 42.4212926], [-88.0102211, 42.4214256], [-88.0103042, 42.4215871], [-88.0104358, 42.4216965], [-88.0105896, 42.4217865], [-88.0107253, 42.4218192], [-88.0107608, 42.4218215], [-88.0108361, 42.4218264], [-88.0110079, 42.4218008], [-88.0113514, 42.4217129], [-88.011519, 42.4217037], [-88.0116783, 42.4217282], [-88.0120384, 42.4217937], [-88.0123764, 42.4218571], [-88.0125744, 42.4218652], [-88.0127462, 42.4218356], [-88.0132421, 42.4217303], [-88.013364, 42.42172], [-88.0134678, 42.4217292], [-88.01358, 42.4217579], [-88.0137324, 42.4218489], [-88.0138432, 42.4219092], [-88.0139318, 42.4219205], [-88.0140759, 42.4219225], [-88.0143723, 42.4219102], [-88.0147865, 42.4219092], [-88.0149416, 42.4218888], [-88.0151106, 42.4218448], [-88.0152048, 42.4218315], [-88.0153419, 42.4218601], [-88.0157561, 42.4220043], [-88.0159126, 42.4220963], [-88.0159624, 42.4221485], [-88.0159694, 42.42222], [-88.0159389, 42.4222947], [-88.0158627, 42.4223438], [-88.0154416, 42.4224879], [-88.0153433, 42.4224971], [-88.0150372, 42.4224951], [-88.0148737, 42.4224982], [-88.0147366, 42.4225206], [-88.0146687, 42.4225554], [-88.0146092, 42.4226055], [-88.0145884, 42.4227016], [-88.0145981, 42.4229], [-88.0145621, 42.422991], [-88.0145053, 42.4230615], [-88.0143631, 42.4231565], [-88.0142878, 42.4232067], [-88.0140994, 42.4233509], [-88.0140634, 42.4234296], [-88.0140662, 42.4235135], [-88.0141064, 42.4235881], [-88.0142754, 42.4238161], [-88.0146604, 42.4241648], [-88.0147892, 42.4242905], [-88.0148363, 42.4243621], [-88.0148682, 42.4244766], [-88.0148682, 42.4245564], [-88.0148504, 42.4246546], [-88.0148502, 42.4246556], [-88.0148011, 42.4247744]]]}}, {"type": "Feature", "properties": {"name": "North Almond Road", "surface": "asphalt", "distance": "0.8 mi", "network": "foot"}, "geometry": {"type": "MultiLineString", "coordinates": [[[-87.97817, 42.3578832], [-87.978167, 42.3579164], [-87.9781589, 42.3579548], [-87.9781611, 42.3580381], [-87.9781704, 42.3581259], [-87.9781735, 42.3582243], [-87.9781755, 42.358375], [-87.978173, 42.3585931], [-87.9781696, 42.3588759], [-87.978173, 42.3591285], [-87.9781692, 42.3593692], [-87.9781666, 42.3595973], [-87.9781641, 42.3599195], [-87.978159, 42.3604679], [-87.9781548, 42.3609564], [-87.9781512, 42.3611997], [-87.9781511, 42.3612808], [-87.9781506, 42.3614981], [-87.9781447, 42.3619113], [-87.9781445, 42.3620881], [-87.9781445, 42.3621764], [-87.9781374, 42.3624463], [-87.9781381, 42.3624782], [-87.9781407, 42.362608], [-87.9781373, 42.362659], [-87.9781298, 42.3627709], [-87.9781209, 42.3629992], [-87.9781166, 42.3631584], [-87.9780955, 42.3633125], [-87.9780869, 42.3634142], [-87.9780807, 42.3634875], [-87.9780758, 42.3636344], [-87.9780749, 42.3637942], [-87.978075, 42.3638562], [-87.9780695, 42.3638774], [-87.9780656, 42.3638926], [-87.978048, 42.3639129]], [[-87.9775034, 42.3530189], [-87.9774976, 42.3531321], [-87.9774897, 42.3532682]], [[-87.9774897, 42.3532682], [-87.9774897, 42.3534056], [-87.9774895, 42.353653], [-87.9774882, 42.3539325], [-87.9774914, 42.3543685], [-87.9775018, 42.3545356], [-87.9775352, 42.3547682], [-87.9775863, 42.3550748], [-87.9776578, 42.3553784], [-87.9777097, 42.3555575], [-87.9777616, 42.3557228], [-87.9778468, 42.3560081], [-87.9779084, 42.3562053], [-87.9779702, 42.3563962], [-87.9780427, 42.3566468], [-87.9780867, 42.3567639], [-87.9781154, 42.3568532], [-87.9781321, 42.3569239], [-87.9781523, 42.3570631], [-87.9781661, 42.3572304], [-87.9781739, 42.3574184], [-87.9781839, 42.3576017], [-87.9781838, 42.3577277]], [[-87.9781838, 42.3577277], [-87.9781769, 42.3578057], [-87.97817, 42.3578832]], [[-87.978048, 42.3639129], [-87.9780405, 42.3640496], [-87.9780316, 42.3642138]]]}}, {"type": "Feature", "properties": {"name": "White Trail", "surface": "gravel", "distance": "0.8 mi", "network": "foot"}, "geometry": {"type": "MultiLineString", "coordinates": [[[-88.24650260336135, 42.55], [-88.2464602, 42.5499072], [-88.24639, 42.54979], [-88.246266, 42.5496924], [-88.2461, 42.5496601], [-88.2458207, 42.5496582], [-88.2456525, 42.5496367], [-88.2455529, 42.5496116], [-88.2453758, 42.5495463], [-88.2451752, 42.5495168], [-88.2449363, 42.5494973], [-88.2447153, 42.5494742], [-88.2446539, 42.5494437], [-88.2446154, 42.5494062], [-88.2445326, 42.5492252], [-88.2444792, 42.5491566], [-88.2443672, 42.5490567], [-88.2441642, 42.5488957], [-88.2439403, 42.5488023], [-88.2437172, 42.5487581], [-88.2435836, 42.5487494], [-88.2433425, 42.5487347], [-88.2431691, 42.5487148], [-88.2430863, 42.548675], [-88.2430354, 42.5486217], [-88.2429847, 42.5485148], [-88.2429471, 42.5484522], [-88.2428867, 42.5484105], [-88.2426566, 42.5483649], [-88.2425379, 42.5483239], [-88.2423947, 42.5482802], [-88.2421128, 42.5482712], [-88.2420306, 42.5482543], [-88.2419519, 42.5482249], [-88.2418988, 42.5481779], [-88.2418714, 42.5481293], [-88.2418587, 42.5480652], [-88.241861, 42.547986], [-88.2418462, 42.5478973], [-88.2418068, 42.5478216], [-88.2416113, 42.5478461], [-88.2415438, 42.5478348], [-88.2414847, 42.547797], [-88.2414141, 42.5477108], [-88.2413558, 42.5476683], [-88.2412141, 42.5476243], [-88.2410954, 42.5476131], [-88.2409665, 42.5476285], [-88.2408474, 42.5476768], [-88.2407504, 42.5477423], [-88.2406839, 42.5478266], [-88.2406467, 42.5478902], [-88.2406641, 42.5479509], [-88.2407275, 42.5480055], [-88.2407912, 42.5480561], [-88.2408309, 42.5481299], [-88.2408111, 42.5482054], [-88.2407606, 42.548255], [-88.2406634, 42.5483115], [-88.2404963, 42.5483535], [-88.2403379, 42.5484137], [-88.2402352, 42.5484742], [-88.2401929, 42.5485259]], [[-88.2401929, 42.5485259], [-88.2401851, 42.5486011], [-88.2401851, 42.5486668], [-88.240178, 42.5486998], [-88.2401602, 42.5487264], [-88.2401157, 42.5487451], [-88.239906, 42.5487534], [-88.2398553, 42.5487614], [-88.2398099, 42.5487897], [-88.2398005, 42.5488233]], [[-88.2398005, 42.5488233], [-88.2398081, 42.5488478], [-88.2398428, 42.5488701], [-88.2399, 42.5488824], [-88.2400549, 42.5489119], [-88.2401836, 42.5489341], [-88.2402946, 42.5489726], [-88.2403566, 42.5490197], [-88.240498, 42.5491697], [-88.2405956, 42.5492998], [-88.2406281, 42.5494059], [-88.2406699, 42.5495086], [-88.2407456, 42.549627], [-88.2408399, 42.5497837], [-88.2409127, 42.5499085], [-88.2409692, 42.5499945], [-88.24097236148148, 42.55]], [[-87.931025, 42.2181869], [-87.9305414, 42.2184033], [-87.9303739, 42.2185098], [-87.9302739, 42.2185304], [-87.9301937, 42.2185532], [-87.930149, 42.2185774], [-87.9299576, 42.2186967], [-87.9299082, 42.2187138], [-87.9298209, 42.2187279], [-87.9297287, 42.2187311], [-87.9295682, 42.2187206], [-87.9294073, 42.2187095], [-87.9292158, 42.2187237], [-87.9290751, 42.2187251], [-87.9287843, 42.2187281], [-87.9286623, 42.218739], [-87.9285508, 42.2187423], [-87.9284268, 42.2187329], [-87.928129, 42.2186982], [-87.9280521, 42.2187113], [-87.9279105, 42.2187504], [-87.9277702, 42.2187603]]]}}, {"type": "Feature", "properties": {"name": "Washington Street Path", "surface": "", "distance": "0.7 mi", "network": "foot"}, "geometry": {"type": "MultiLineString", "coordinates": [[[-87.9780316, 42.3642138], [-87.9774801, 42.3642171], [-87.9771258, 42.364217], [-87.9766923, 42.3641987], [-87.9762924, 42.3641847], [-87.9748364, 42.3641779], [-87.9736866, 42.3641674], [-87.971916, 42.3641585], [-87.9716257, 42.3641581]], [[-87.964536, 42.364122], [-87.9642782, 42.3641226], [-87.9639603, 42.3641133], [-87.9638025, 42.3641217], [-87.9637206, 42.3641296]], [[-87.9647277, 42.3641216], [-87.9646252, 42.3641218], [-87.964536, 42.364122]], [[-87.971229, 42.3641577], [-87.9710226, 42.3641574], [-87.9705637, 42.3641562], [-87.9698921, 42.3641412], [-87.9685941, 42.3641369], [-87.9683176, 42.3641331], [-87.9681971, 42.3641199], [-87.968058, 42.3641091], [-87.9678283, 42.3641063], [-87.967681, 42.3641218], [-87.9675474, 42.3641316], [-87.9669709, 42.3641303], [-87.9661725, 42.3641247], [-87.965121, 42.3641207], [-87.9647277, 42.3641216]], [[-87.9716257, 42.3641581], [-87.9714353, 42.3641579], [-87.971229, 42.3641577]], [[-87.9637206, 42.3641296], [-87.963521, 42.3641211], [-87.9634094, 42.3641183]]]}}, {"type": "Feature", "properties": {"name": "Bartlett Ravine Trail", "surface": "paved", "distance": "0.7 mi", "network": "foot"}, "geometry": {"type": "MultiLineString", "coordinates": [[[-87.8125527, 42.2117755], [-87.8120204, 42.2118559], [-87.8118336, 42.2119622], [-87.8117593, 42.2120253], [-87.8117133, 42.2121162], [-87.8116359, 42.2122829], [-87.8115732, 42.2123765], [-87.8113234, 42.2125304], [-87.8111693, 42.2125511], [-87.811012, 42.2125217], [-87.8109374, 42.2125242], [-87.8108704, 42.2125356], [-87.8105575, 42.2126626], [-87.8104475, 42.2127233], [-87.810373, 42.2127881], [-87.810267, 42.2128915], [-87.8102119, 42.2129749], [-87.8101971, 42.2130373], [-87.8101941, 42.2130945], [-87.8101898, 42.2132178], [-87.8101979, 42.2134772], [-87.8101897, 42.21353], [-87.8101699, 42.2135879], [-87.8101342, 42.2136359], [-87.81008, 42.2136683], [-87.8099622, 42.213713], [-87.8099125, 42.2137452], [-87.8098605, 42.2138309], [-87.8098218, 42.2139289], [-87.8098056, 42.2140384], [-87.8098196, 42.2141379], [-87.8098348, 42.2142339], [-87.8098173, 42.2142935], [-87.8097507, 42.2143471], [-87.8095348, 42.2144423], [-87.8092254, 42.2144898], [-87.8090526, 42.2144945], [-87.8089603, 42.2145209], [-87.8088812, 42.2145687], [-87.8088208, 42.214626], [-87.8087643, 42.2146947], [-87.8087419, 42.2147729], [-87.808737, 42.2148293], [-87.8087094, 42.2149559], [-87.8086685, 42.215025], [-87.8086104, 42.2150793], [-87.8083072, 42.2151691], [-87.8081641, 42.2151621], [-87.8079773, 42.215089], [-87.8078173, 42.2150059], [-87.8076872, 42.2149732], [-87.807592, 42.2149684], [-87.807488, 42.2149997], [-87.8073492, 42.2150389], [-87.8071344, 42.2150804], [-87.8069144, 42.2151154], [-87.8067719, 42.2151458], [-87.8066817, 42.2151773], [-87.8066264, 42.2152295], [-87.8065923, 42.2152865], [-87.806483, 42.2155658], [-87.8064295, 42.215682], [-87.8063531, 42.2158259], [-87.8062929, 42.2160106], [-87.8062166, 42.2161833], [-87.8061552, 42.2162827], [-87.8060943, 42.2163973], [-87.8060897, 42.2164882], [-87.8061075, 42.2165754], [-87.8061295, 42.2166818], [-87.8061354, 42.2167931], [-87.8061109, 42.2168976], [-87.8060723, 42.21698], [-87.805946, 42.2171649], [-87.8058058, 42.2173233], [-87.8056657, 42.2174723], [-87.8055458, 42.2175181], [-87.80543, 42.2175286], [-87.8052758, 42.2175269], [-87.8050964, 42.2175265], [-87.8049717, 42.217465], [-87.8048864, 42.2173912], [-87.8048122, 42.2172945]], [[-87.8048122, 42.2172945], [-87.8047379, 42.2171978], [-87.8046678, 42.2170854], [-87.8046153, 42.2169668], [-87.8045311, 42.2167051]]]}}, {"type": "Feature", "properties": {"name": "Mundelein Park District Path", "surface": "asphalt", "distance": "0.7 mi", "network": "foot"}, "geometry": {"type": "MultiLineString", "coordinates": [[[-88.0228308, 42.2735711], [-88.0227182, 42.2736446], [-88.0226699, 42.2737656], [-88.0226305, 42.2739211], [-88.0226174, 42.2740203], [-88.0226136, 42.2741348], [-88.0226163, 42.2742142], [-88.0226377, 42.2742995], [-88.0226511, 42.2743472], [-88.0226887, 42.2744345], [-88.022745, 42.2745337], [-88.0227805, 42.2746363], [-88.022832, 42.2747189], [-88.022935, 42.2747951], [-88.0230895, 42.2748205], [-88.0232783, 42.2748014], [-88.0234328, 42.2747951], [-88.0235953, 42.2747659], [-88.0236704, 42.2746746], [-88.0236646, 42.274541], [-88.0237463, 42.2744847], [-88.0239478, 42.2745029], [-88.0240165, 42.2745283], [-88.0242053, 42.2745474], [-88.0244628, 42.2745918], [-88.0248404, 42.2746998], [-88.0250808, 42.274757], [-88.0253333, 42.2748036], [-88.0253897, 42.2748909], [-88.0253843, 42.2749803], [-88.0254069, 42.2751317], [-88.0254111, 42.2751787], [-88.0254621, 42.2752462], [-88.025556, 42.275274], [-88.0257089, 42.2752601], [-88.0261219, 42.2752442], [-88.026476, 42.2752859], [-88.0266557, 42.2753474], [-88.0267898, 42.2754764], [-88.0268317, 42.2756143], [-88.026909, 42.2757032], [-88.0270982, 42.2758535], [-88.0270826, 42.2757576], [-88.0270773, 42.2757333], [-88.0270549, 42.2755953], [-88.026991, 42.2753673], [-88.0269534, 42.2752065], [-88.0269319, 42.2751112], [-88.0269862, 42.2748395], [-88.0269948, 42.2746681], [-88.0269433, 42.2745537], [-88.0268568, 42.2745119], [-88.0267496, 42.2745], [-88.0266128, 42.2745278], [-88.0264411, 42.2745377], [-88.0262238, 42.2745218], [-88.0260678, 42.2745537], [-88.0259133, 42.2745664], [-88.0257588, 42.2745664], [-88.0256177, 42.2745674], [-88.0254756, 42.2745537], [-88.0253387, 42.2745496], [-88.0251408, 42.2744966], [-88.0247942, 42.2744464], [-88.0245501, 42.2744047], [-88.0244375, 42.2743551], [-88.0243598, 42.2742743], [-88.0242396, 42.274179], [-88.0240422, 42.274052], [-88.0239392, 42.2739568], [-88.0238276, 42.273906], [-88.0237321, 42.273845], [-88.0236811, 42.2737577], [-88.0236436, 42.2736644], [-88.0235015, 42.2735948], [-88.0232783, 42.273563], [-88.0231876, 42.2735315], [-88.0229247, 42.2735473], [-88.0228308, 42.2735711]]]}}, {"type": "Feature", "properties": {"name": "Spring Bluff Forest Preserve Trail", "surface": "asphalt", "distance": "0.7 mi", "network": "foot"}, "geometry": {"type": "MultiLineString", "coordinates": [[[-87.8101614, 42.4824062], [-87.8101339, 42.4825449], [-87.8101473, 42.4826971], [-87.8101497, 42.4829139], [-87.8101367, 42.4829678], [-87.8100958, 42.4830411], [-87.8100296, 42.4831293], [-87.8099459, 42.4832247], [-87.809883, 42.4832958], [-87.8098156, 42.4833977], [-87.8097695, 42.4834877], [-87.8096869, 42.4837477], [-87.8096087, 42.484117], [-87.8095489, 42.4843535], [-87.8095435, 42.484551], [-87.8095403, 42.4846962], [-87.8095319, 42.4851721], [-87.8095559, 42.4852892], [-87.8095726, 42.4853932], [-87.80958, 42.4854722], [-87.8095726, 42.4855908], [-87.8095641, 42.4856934], [-87.8095486, 42.4857663], [-87.8095067, 42.4858733], [-87.8094669, 42.4859665], [-87.809409, 42.486059], [-87.8091421, 42.4864213], [-87.808932, 42.4866908], [-87.808878, 42.48678], [-87.8088377, 42.4868677], [-87.8088123, 42.4869434], [-87.8088071, 42.4870142], [-87.8088136, 42.4870864], [-87.8088391, 42.4871875], [-87.8088573, 42.4872819], [-87.8088605, 42.4873464], [-87.8088523, 42.4873941], [-87.8088129, 42.4874866], [-87.8081238, 42.489054], [-87.8073428, 42.4908831], [-87.8070676, 42.4912703], [-87.8069446, 42.4914252], [-87.806842, 42.4915498]]]}}, {"type": "Feature", "properties": {"name": "Openlands Open Space", "surface": "paved", "distance": "0.7 mi", "network": "foot"}, "geometry": {"type": "MultiLineString", "coordinates": [[[-87.8050079, 42.2165528], [-87.8050355, 42.2165435], [-87.805164, 42.216435], [-87.8052126, 42.2163871], [-87.8052455, 42.21633], [-87.8052732, 42.2162704], [-87.8052798, 42.2161986], [-87.8052817, 42.2161321], [-87.8053093, 42.2160315], [-87.8053834, 42.2159408], [-87.8054828, 42.2158783], [-87.805655, 42.2157865], [-87.8057637, 42.2156944], [-87.8058165, 42.2156204], [-87.8058636, 42.2155209], [-87.8059012, 42.2153782], [-87.8059288, 42.2152767], [-87.8059844, 42.2151672], [-87.8061049, 42.2150005], [-87.8062643, 42.2148135], [-87.806362, 42.2147204], [-87.8064748, 42.2146411], [-87.8065911, 42.2145972], [-87.8067235, 42.2145672], [-87.8069025, 42.2145615], [-87.8070323, 42.2145643], [-87.8071622, 42.2145522], [-87.8072986, 42.2145189], [-87.8074464, 42.2144609], [-87.8075994, 42.2143835], [-87.8077471, 42.2143022], [-87.8079432, 42.21418]], [[-87.8052817, 42.2161321], [-87.8051732, 42.2160931], [-87.8050488, 42.2160673], [-87.8049407, 42.2160283], [-87.8048734, 42.215972], [-87.8048567, 42.2159236], [-87.8048574, 42.2158754], [-87.8048938, 42.2157074], [-87.8049044, 42.215538], [-87.8048887, 42.2154558], [-87.8048015, 42.2152714], [-87.8047585, 42.2151361], [-87.8047059, 42.215026], [-87.8046072, 42.2149714], [-87.8045692, 42.2149227], [-87.8045626, 42.2148287], [-87.8045554, 42.2147603], [-87.8045336, 42.2147118], [-87.8045297, 42.2146631], [-87.8045443, 42.2146191], [-87.804578, 42.2145651], [-87.8046141, 42.2145102], [-87.8046479, 42.2144403], [-87.8046566, 42.2143643], [-87.8046292, 42.2143014], [-87.8045875, 42.2142393], [-87.8045866, 42.2141599], [-87.8045695, 42.2140569], [-87.8045344, 42.2139783], [-87.8044763, 42.2139033], [-87.8043376, 42.2137836], [-87.804236, 42.2136878], [-87.8041754, 42.2135868], [-87.8041468, 42.2135062], [-87.8041398, 42.2133716], [-87.804105, 42.2132587], [-87.8040208, 42.2131688], [-87.8039423, 42.2130969]], [[-87.8038344, 42.2127881], [-87.8038547, 42.2127001], [-87.8038709, 42.2125921], [-87.8038722, 42.212491], [-87.8038526, 42.212377], [-87.8037899, 42.2122098], [-87.8037189, 42.2120674], [-87.8036559, 42.2119649], [-87.8034767, 42.2117268], [-87.8033481, 42.2115533], [-87.8033425, 42.2115161], [-87.8033471, 42.2114894], [-87.8033757, 42.211455], [-87.8034262, 42.2114046], [-87.8034683, 42.2113661], [-87.8035168, 42.2112858]], [[-87.8035168, 42.2112858], [-87.8036017, 42.2112193], [-87.8037178, 42.2110046], [-87.8036856, 42.210782], [-87.8036856, 42.2106907], [-87.8037178, 42.2106072], [-87.8037821, 42.2105377], [-87.8038519, 42.2104761], [-87.8039352, 42.2104152]]]}}, {"type": "Feature", "properties": {"name": "Weiland Road Bike Path", "surface": "concrete", "distance": "0.7 mi", "network": "foot"}, "geometry": {"type": "MultiLineString", "coordinates": [[[-87.949488, 42.1752061], [-87.9493941, 42.1756176]], [[-87.9490964, 42.1824492], [-87.9488094, 42.1817058], [-87.9487384, 42.181455], [-87.9487066, 42.1813705], [-87.9486839, 42.1813015], [-87.9486029, 42.1811394], [-87.94856, 42.1809644], [-87.9484822, 42.1806425], [-87.9484232, 42.1802509], [-87.9483963, 42.1799388], [-87.9483883, 42.1795493], [-87.948391, 42.1792273], [-87.9484124, 42.1789132], [-87.9484268, 42.1787704], [-87.9484527, 42.1786031], [-87.9485117, 42.1783149], [-87.9485734, 42.1780347], [-87.9486699, 42.1777266], [-87.9488684, 42.1771641], [-87.9490481, 42.1766552], [-87.9492976, 42.1759496], [-87.9493941, 42.1756176]], [[-87.949488, 42.1752061], [-87.9495417, 42.1749199], [-87.9495685, 42.1746714], [-87.949598, 42.1741904], [-87.9496012, 42.1740632], [-87.9496037, 42.1739624], [-87.9496141, 42.1736079], [-87.9496168, 42.1730812]]]}}, {"type": "Feature", "properties": {"name": "Libertyville Open Spaces", "surface": "gravel", "distance": "0.6 mi", "network": "foot"}, "geometry": {"type": "MultiLineString", "coordinates": [[[-87.9395258, 42.324115], [-87.9393997, 42.3241196], [-87.9386138, 42.3241176], [-87.9385172, 42.3241276], [-87.9384448, 42.3241514], [-87.9383885, 42.3241851], [-87.9383456, 42.3242287], [-87.9383188, 42.3242743], [-87.9383134, 42.3243239], [-87.9383295, 42.3243953], [-87.9383885, 42.3245678], [-87.9384207, 42.3246947], [-87.9384341, 42.3248335], [-87.9384234, 42.3249505], [-87.9383831, 42.3251211], [-87.9383134, 42.3252936], [-87.9382651, 42.3254463], [-87.9382597, 42.3255613], [-87.9382705, 42.3256644], [-87.9382919, 42.3257715], [-87.9382732, 42.3258469], [-87.9382195, 42.3259183], [-87.9381364, 42.3259718], [-87.9380639, 42.3259976], [-87.9379808, 42.3260115], [-87.9378789, 42.3260015], [-87.9376723, 42.3259658], [-87.9375516, 42.3259559], [-87.9370635, 42.325946], [-87.936173, 42.3259361], [-87.9360362, 42.3259222], [-87.9358833, 42.3258885], [-87.9357867, 42.3258389], [-87.9356848, 42.3257794], [-87.9354837, 42.3256585], [-87.9354286, 42.3256199], [-87.9353791, 42.3255851], [-87.9352986, 42.3255316], [-87.9351698, 42.325478], [-87.9350062, 42.3254304], [-87.9348694, 42.3254185], [-87.9346495, 42.3254185], [-87.9344805, 42.3254185], [-87.9342766, 42.3254108]], [[-87.9354286, 42.3256199], [-87.9350679, 42.3258964], [-87.9350009, 42.3259758], [-87.9349606, 42.3260809], [-87.9349579, 42.3261899], [-87.9349901, 42.326301], [-87.9351135, 42.3265707], [-87.9351591, 42.3266877], [-87.9351806, 42.3268364], [-87.9351806, 42.3270109], [-87.9351591, 42.3271874], [-87.9351672, 42.3272726], [-87.9352128, 42.32735], [-87.9353039, 42.3274531], [-87.9354059, 42.3275364], [-87.9354729, 42.327578], [-87.9355105, 42.3276435], [-87.9355319, 42.3276911], [-87.9354393, 42.3277563]]]}}, {"type": "Feature", "properties": {"name": "Blue Trail", "surface": "gravel", "distance": "0.5 mi", "network": "foot"}, "geometry": {"type": "MultiLineString", "coordinates": [[[-87.9266223, 42.2145068], [-87.9263351, 42.2145422], [-87.9261367, 42.2145461], [-87.9260575, 42.214549], [-87.9259814, 42.214569], [-87.9258012, 42.2146431], [-87.9256783, 42.2146643], [-87.9257038, 42.2149391], [-87.9257006, 42.2150562], [-87.9256906, 42.2151689], [-87.9256751, 42.2152769], [-87.9255923, 42.2157047], [-87.9255545, 42.2160324], [-87.9255423, 42.2160943], [-87.925506, 42.2161783], [-87.9254295, 42.2162813], [-87.9250862, 42.2166431], [-87.9250171, 42.2167658], [-87.9250017, 42.2168423], [-87.9249951, 42.216922], [-87.925003, 42.2170153], [-87.9250308, 42.2172955], [-87.9250275, 42.2173771], [-87.9249694, 42.2175998], [-87.924928, 42.2177121], [-87.9247631, 42.2180418], [-87.9247301, 42.2181248], [-87.9247177, 42.2181991], [-87.9247163, 42.2182766], [-87.9247273, 42.2183574], [-87.9248826, 42.2190067]], [[-87.9273129, 42.2210489], [-87.9273007, 42.2209368], [-87.927253, 42.2208377], [-87.9272069, 42.2207727], [-87.9271701, 42.2207118], [-87.9271483, 42.2206068], [-87.9271034, 42.2204411], [-87.9270948, 42.2203817], [-87.9270753, 42.220323], [-87.9270267, 42.2202822], [-87.9269763, 42.2202434], [-87.9269308, 42.2202173], [-87.9268722, 42.2202078], [-87.9268193, 42.2202108], [-87.9267633, 42.220241], [-87.9267099, 42.2202817], [-87.9266472, 42.2203251], [-87.9265803, 42.2203459], [-87.9264813, 42.2203501], [-87.9263675, 42.2203274], [-87.9262635, 42.2202775], [-87.9260125, 42.2201379], [-87.925951, 42.2200779], [-87.9259244, 42.2200264], [-87.9259142, 42.2199807], [-87.9259248, 42.2199034], [-87.9259511, 42.2197205]]]}}, {"type": "Feature", "properties": {"name": "Half Day Road Bike Paths", "surface": "concrete", "distance": "0.5 mi", "network": "foot"}, "geometry": {"type": "MultiLineString", "coordinates": [[[-87.9743031, 42.1970733], [-87.9742254, 42.1970753], [-87.9741964, 42.1970917], [-87.9741687, 42.1971041], [-87.9741322, 42.1971057], [-87.9740777, 42.1971017], [-87.9738727, 42.1970796], [-87.9737558, 42.1970698], [-87.9735732, 42.1970673], [-87.9732206, 42.1970673], [-87.973073, 42.1970654], [-87.9716993, 42.1970554], [-87.9712434, 42.1970326], [-87.9705192, 42.1970261], [-87.9702058, 42.1970244]], [[-87.969771, 42.1969799], [-87.9697476, 42.1970029], [-87.96972, 42.1970261], [-87.969685, 42.197038], [-87.9696169, 42.1970409], [-87.9693215, 42.1970452], [-87.9688349, 42.1970381], [-87.968544, 42.1970187], [-87.968359, 42.1969979], [-87.9680162, 42.1969233], [-87.9677619, 42.1968513], [-87.9674749, 42.196738], [-87.9672122, 42.1966199], [-87.9671198, 42.1965744], [-87.9670532, 42.1965416], [-87.9669599, 42.1964975], [-87.9666978, 42.1963924], [-87.9666056, 42.1963511], [-87.9665388, 42.1963068], [-87.9664465, 42.1962535], [-87.9663403, 42.1962101], [-87.9661097, 42.1961359], [-87.9659273, 42.1960763], [-87.9657851, 42.1960564], [-87.9655786, 42.1959988], [-87.9650073, 42.1958736], [-87.9647882, 42.1958563], [-87.9646875, 42.1958486]], [[-87.9702058, 42.1970244], [-87.9701643, 42.1969853]]]}}, {"type": "Feature", "properties": {"name": "Purple Trail", "surface": "gravel", "distance": "0.5 mi", "network": "foot"}, "geometry": {"type": "MultiLineString", "coordinates": [[[-88.2437056, 42.5475204], [-88.2437012, 42.5480879], [-88.2437206, 42.5481137], [-88.243768, 42.5481269], [-88.2439563, 42.5481304], [-88.2440356, 42.54814], [-88.2441029, 42.5481768], [-88.2441528, 42.5482221], [-88.2441925, 42.5482589], [-88.2442312, 42.5482756], [-88.2442768, 42.5482759], [-88.2443101, 42.5482597], [-88.2443377, 42.5482239], [-88.2443717, 42.5481811], [-88.2444088, 42.548163], [-88.2444505, 42.5481622], [-88.2444982, 42.5481861], [-88.2445303, 42.5482152], [-88.2445576, 42.5482633], [-88.2445914, 42.5483187], [-88.2446289, 42.5483502], [-88.2446803, 42.5483621], [-88.2447325, 42.5483539], [-88.2447639, 42.5483278], [-88.2447881, 42.5482869], [-88.2448007, 42.548231], [-88.2448325, 42.5481846], [-88.2448796, 42.5481534], [-88.2449247, 42.5481482], [-88.2453384, 42.5481618], [-88.2454038, 42.5481781], [-88.2454494, 42.5481952], [-88.2454844, 42.5482351], [-88.245499, 42.5482752], [-88.2455055, 42.5483358], [-88.2454768, 42.5485287], [-88.2454668, 42.5485796], [-88.2454793, 42.5486676], [-88.2454987, 42.5487472], [-88.2454958, 42.5488284], [-88.2454878, 42.5488854], [-88.2454702, 42.5489395], [-88.2454403, 42.5489709], [-88.2454052, 42.5489944], [-88.2453581, 42.5490137], [-88.245336, 42.5490445], [-88.2453615, 42.5491063], [-88.2453791, 42.5491705], [-88.2453835, 42.549235], [-88.2453744, 42.5492986], [-88.2453121, 42.5493202], [-88.2452562, 42.5493415], [-88.2452323, 42.5493761], [-88.2452063, 42.5494279], [-88.2451844, 42.5494759], [-88.2451752, 42.5495168]], [[-88.2418068, 42.5478216], [-88.2419447, 42.5477973], [-88.2420274, 42.547776], [-88.2420988, 42.5477448], [-88.2423583, 42.5476228], [-88.2424416, 42.5475897], [-88.2425306, 42.5475598], [-88.2427422, 42.5475628], [-88.2428521, 42.547554], [-88.2430049, 42.5475359], [-88.2431594, 42.5475161], [-88.2433082, 42.5475115], [-88.243532, 42.5475122], [-88.2436569, 42.5475196], [-88.2437056, 42.5475204], [-88.243727, 42.5466216], [-88.2438444, 42.5466196], [-88.2439351, 42.5466131], [-88.2439756, 42.546601], [-88.2440087, 42.5465847], [-88.2440241, 42.5465772], [-88.2440649, 42.5465466], [-88.2440846, 42.5465091], [-88.2440976, 42.5464748], [-88.2441134, 42.5464317], [-88.2441455, 42.5463878], [-88.2442018, 42.5463455], [-88.2442644, 42.5463192], [-88.2443416, 42.546292], [-88.2444003, 42.5462724], [-88.2444697, 42.5462321], [-88.2446235, 42.5461133]]]}}, {"type": "Feature", "properties": {"name": "Olde Half Day Road Bike Path", "surface": "asphalt", "distance": "0.5 mi", "network": "foot"}, "geometry": {"type": "MultiLineString", "coordinates": [[[-87.9256021, 42.2013483], [-87.9256962, 42.2013287], [-87.9257953, 42.20133], [-87.9271473, 42.2015476], [-87.9273897, 42.2015961], [-87.9274448, 42.201609], [-87.9274916, 42.2016298], [-87.9275166, 42.2016506], [-87.9275745, 42.2016431], [-87.9276467, 42.2016489], [-87.9277882, 42.2016694], [-87.9278558, 42.2016741], [-87.9279438, 42.2016708], [-87.9280723, 42.20168], [-87.9282176, 42.2016989], [-87.9283235, 42.2017155], [-87.9284115, 42.2017417], [-87.9284794, 42.2017596], [-87.9286002, 42.2017765], [-87.9288065, 42.2018225], [-87.929193, 42.2018931]], [[-87.9372993, 42.1976394], [-87.9372667, 42.1976536], [-87.9372524, 42.1976762], [-87.9372169, 42.1977885], [-87.9372018, 42.197823], [-87.9371356, 42.1978542], [-87.9370523, 42.1979088], [-87.9369298, 42.1979528], [-87.9367346, 42.1979847], [-87.9366402, 42.1980018], [-87.93657, 42.1980145], [-87.9365022, 42.1980623], [-87.9363154, 42.1981201], [-87.9362726, 42.1981369], [-87.9360946, 42.1982066], [-87.9359115, 42.1982867], [-87.9358448, 42.1983197], [-87.9358081, 42.1983378], [-87.9355037, 42.1984867], [-87.9353592, 42.1985746], [-87.9352941, 42.1986262], [-87.9352635, 42.1986505], [-87.9351951, 42.1987069], [-87.935097, 42.198788], [-87.9350482, 42.1988128], [-87.9349966, 42.1988559], [-87.9349649, 42.1988823], [-87.9348031, 42.1990213], [-87.9347819, 42.1990408], [-87.9346567, 42.199156], [-87.9344136, 42.1993879], [-87.9343418, 42.1994723], [-87.934114, 42.1996984], [-87.9338125, 42.199948], [-87.9336297, 42.2000728], [-87.9335819, 42.2001033], [-87.9335005, 42.2001338], [-87.9331933, 42.2002515], [-87.9331782, 42.2002754], [-87.9331665, 42.200294], [-87.9331512, 42.200294]]]}}, {"type": "Feature", "properties": {"name": "McHenry River Walk", "surface": "paved", "distance": "0.5 mi", "network": "foot"}, "geometry": {"type": "MultiLineString", "coordinates": [[[-88.2636555, 42.3429244], [-88.2637432, 42.3429265], [-88.2638873, 42.3429342], [-88.2639652, 42.3429383], [-88.2640295, 42.3429513], [-88.2641558, 42.3429767], [-88.2642864, 42.3430031], [-88.2644222, 42.3430305], [-88.2645553, 42.3430573], [-88.2650167, 42.3431326], [-88.2655906, 42.3433844], [-88.265883, 42.3434775], [-88.2666474, 42.3436361], [-88.2671938, 42.3438594]], [[-88.2615597, 42.3432789], [-88.2615782, 42.3434982], [-88.2615558, 42.3435404], [-88.2615829, 42.343744], [-88.2617153, 42.3437334], [-88.2617195, 42.3437866], [-88.2615661, 42.3437974], [-88.2615727, 42.3438386], [-88.2615784, 42.3438742], [-88.2615839, 42.3439086], [-88.2615904, 42.3439488], [-88.2616007, 42.3440133], [-88.2616326, 42.344024], [-88.2616507, 42.3440456], [-88.2616507, 42.3440645], [-88.2616326, 42.3440889], [-88.261646, 42.3441868]], [[-88.2636555, 42.3429244], [-88.263442, 42.3429239], [-88.2633352, 42.3429254], [-88.2632184, 42.3429271], [-88.2631065, 42.3429287], [-88.2629968, 42.3429302], [-88.262885, 42.3429318], [-88.2627453, 42.3429338]], [[-88.2634652, 42.3433087], [-88.2633982, 42.3433554], [-88.2633097, 42.3433693], [-88.2631869, 42.3433636], [-88.2630655, 42.3433381], [-88.2627264, 42.3432953], [-88.2626344, 42.3432887], [-88.2625011, 42.3433017], [-88.2621717, 42.3432578], [-88.2620034, 42.343218]], [[-88.2618429, 42.343209], [-88.2618235, 42.3431747], [-88.261813, 42.3431661], [-88.2617897, 42.343147], [-88.2617455, 42.3431292], [-88.2616959, 42.3431232], [-88.2616463, 42.3431296], [-88.2616024, 42.3431479], [-88.2615692, 42.3431758], [-88.2615508, 42.3432088], [-88.2615475, 42.3432444], [-88.2615597, 42.3432789], [-88.2615861, 42.3433088], [-88.261624, 42.3433309], [-88.2616694, 42.3433429], [-88.2617177, 42.3433437], [-88.2617637, 42.3433332], [-88.2618029, 42.3433123], [-88.261832, 42.3432819], [-88.2618438, 42.3432513], [-88.2618458, 42.3432461], [-88.2618429, 42.343209]], [[-88.2618458, 42.3432461], [-88.2618937, 42.3432246], [-88.2619396, 42.3432165], [-88.2620034, 42.343218], [-88.2619313, 42.343201], [-88.261813, 42.3431661]]]}}, {"type": "Feature", "properties": {"name": "Timbertown Path", "surface": "", "distance": "0.4 mi", "network": "foot"}, "geometry": {"type": "MultiLineString", "coordinates": [[[-88.2669126, 42.2160658], [-88.2669128, 42.2161123], [-88.2669236, 42.2161548], [-88.2669075, 42.216719], [-88.2668646, 42.2167666], [-88.2668431, 42.2168024], [-88.266845, 42.2168595], [-88.2668485, 42.2169136], [-88.2668378, 42.2169812], [-88.2668699, 42.2170527], [-88.2668807, 42.2171798], [-88.266886, 42.2174261], [-88.2668163, 42.2176566], [-88.2667519, 42.2177678], [-88.2666822, 42.2178552], [-88.266532, 42.2179704], [-88.2664742, 42.2180387], [-88.2664193, 42.2180976], [-88.2662959, 42.2182445], [-88.2661779, 42.218475], [-88.2661404, 42.2186935], [-88.266135, 42.2188643], [-88.2661189, 42.2189001], [-88.2628574, 42.218904], [-88.2627244, 42.2189041], [-88.2624979, 42.2188921], [-88.2614948, 42.2188921]]]}}, {"type": "Feature", "properties": {"name": "Pink Trail", "surface": "gravel", "distance": "0.4 mi", "network": "foot"}, "geometry": {"type": "MultiLineString", "coordinates": [[[-88.2995497, 42.1502007], [-88.2995731, 42.1501911], [-88.2995897, 42.1501463], [-88.2995976, 42.1500931], [-88.299583, 42.1500133], [-88.29957699380637, 42.15]], [[-87.9262864, 42.2194522], [-87.9261693, 42.2194313], [-87.9261394, 42.2194249], [-87.9260471, 42.2194049], [-87.9259835, 42.2193578], [-87.9259073, 42.2192919], [-87.9258642, 42.2192427], [-87.925841, 42.2191882], [-87.9258283, 42.2191109], [-87.9258308, 42.2190393], [-87.9258512, 42.2189808], [-87.9258995, 42.2189186], [-87.9259581, 42.2188772], [-87.9260401, 42.218829], [-87.926093, 42.218798], [-87.9261998, 42.2187546], [-87.9262594, 42.2187181], [-87.9262889, 42.2187], [-87.9264518, 42.2186038], [-87.926458, 42.2185971], [-87.9264662, 42.2185882], [-87.9264942, 42.2185578], [-87.926546, 42.2184512], [-87.926547, 42.2184467], [-87.9265553, 42.2183622], [-87.9265795, 42.2182918], [-87.9266024, 42.2182474], [-87.9266438, 42.2182144], [-87.9267191, 42.2181854], [-87.9267446, 42.2181727], [-87.9267875, 42.2181512], [-87.9268467, 42.2181069], [-87.9268921, 42.2180629], [-87.9269099, 42.2179705], [-87.926887, 42.2178499], [-87.9268361, 42.2177519], [-87.9268641, 42.217716], [-87.9271288, 42.2177123], [-87.9273646, 42.2177071], [-87.9275287, 42.2177119]], [[-87.9269055, 42.2184607], [-87.9269787, 42.2184336], [-87.9270186, 42.2184053], [-87.9270483, 42.2183761], [-87.9270556, 42.2183239], [-87.9270206, 42.2182618], [-87.9269447, 42.2182113], [-87.9269183, 42.2181939], [-87.9269131, 42.2181904], [-87.9268952, 42.2181593], [-87.9268851, 42.2181162], [-87.9268921, 42.2180629]], [[-87.9264942, 42.2185578], [-87.9266331, 42.2185075], [-87.926664, 42.2185027], [-87.9268088, 42.21848]], [[-87.9269183, 42.2181939], [-87.9268764, 42.2181832], [-87.9268254, 42.2181755], [-87.9267809, 42.2181714], [-87.9267446, 42.2181727]], [[-87.9276185, 42.2177216], [-87.9277157, 42.2177363], [-87.9277824, 42.2177627], [-87.9278338, 42.217799], [-87.9278444, 42.2178538], [-87.9278338, 42.2179422], [-87.9278338, 42.2180327], [-87.9278491, 42.2181628], [-87.9278389, 42.2182193], [-87.9277778, 42.2182834], [-87.9276786, 42.2184191], [-87.9276633, 42.2185002], [-87.9276939, 42.2185944], [-87.9277702, 42.2187603], [-87.9277342, 42.2187969], [-87.9276947, 42.2189083], [-87.9276774, 42.2190049], [-87.9276819, 42.2190547], [-87.9276929, 42.2190964], [-87.9277181, 42.219135], [-87.9277651, 42.219175], [-87.9279178, 42.219224], [-87.9279534, 42.2192599], [-87.9279555, 42.2192976], [-87.927944, 42.2193461], [-87.9279121, 42.2194015], [-87.9278186, 42.219535], [-87.9277768, 42.2195936], [-87.9277702, 42.2196028], [-87.9277193, 42.219665], [-87.9276668, 42.2197156]]]}}, {"type": "Feature", "properties": {"name": "Fox Chase Park Path", "surface": "gravel", "distance": "0.4 mi", "network": "foot"}, "geometry": {"type": "MultiLineString", "coordinates": [[[-88.0606816, 42.3900407], [-88.060665, 42.3900631], [-88.0606645, 42.3900897], [-88.0606757, 42.3901252], [-88.0607535, 42.3901926], [-88.0608823, 42.3902837], [-88.0609306, 42.3903253], [-88.0609386, 42.3903669], [-88.0609145, 42.3904243], [-88.0608769, 42.3905115], [-88.0608394, 42.390567], [-88.0608259, 42.3905868], [-88.060834, 42.3906363], [-88.060834, 42.390672], [-88.0608072, 42.3907294], [-88.0607535, 42.3907631], [-88.0607347, 42.390773], [-88.0608259, 42.3909612], [-88.0607964, 42.3910067], [-88.060724, 42.3910582], [-88.060598, 42.3911494], [-88.0604719, 42.3912405], [-88.0604263, 42.3912979], [-88.0604317, 42.3913534], [-88.0605175, 42.3914168], [-88.0605792, 42.3914505], [-88.0606892, 42.3914822], [-88.060834, 42.3915139], [-88.0609145, 42.3915158], [-88.0609654, 42.3914881], [-88.0610486, 42.3914386], [-88.0611264, 42.3914188], [-88.0612283, 42.3913792], [-88.0613463, 42.3913356], [-88.0614187, 42.3913059], [-88.061577, 42.3912425], [-88.0616547, 42.3912385], [-88.0617996, 42.3912484], [-88.0619149, 42.3912623], [-88.0620772, 42.3912945], [-88.0621132, 42.3913081], [-88.06221, 42.3912583], [-88.0622904, 42.3912068], [-88.0623253, 42.3911751], [-88.062328, 42.3911078], [-88.0623119, 42.3910186], [-88.0622609, 42.3908958], [-88.0622207, 42.3908146], [-88.0621939, 42.3907334], [-88.0621831, 42.3906006], [-88.0621885, 42.3904521], [-88.0621697, 42.3903609], [-88.0621322, 42.3902639], [-88.0620678, 42.3901173], [-88.0620061, 42.3900044], [-88.0619632, 42.3899251], [-88.0619444, 42.3898756], [-88.0619257, 42.3897528], [-88.0618854, 42.3895844], [-88.0618398, 42.3894517], [-88.0618157, 42.3894081], [-88.0617084, 42.3893784], [-88.0616279, 42.3893566], [-88.0615233, 42.3893447], [-88.0614616, 42.3893486], [-88.0613865, 42.3893724], [-88.0612578, 42.3895606], [-88.0610781, 42.3897567], [-88.0608528, 42.3899429], [-88.0606816, 42.3900407]]]}}, {"type": "Feature", "properties": {"name": "Millenium Trail", "surface": "asphalt", "distance": "0.4 mi", "network": "foot"}, "geometry": {"type": "MultiLineString", "coordinates": [[[-88.0432559, 42.2662923], [-88.0432694, 42.2663933], [-88.0432645, 42.2665209], [-88.0432289, 42.2665454], [-88.043177, 42.2665337], [-88.043015, 42.2665614], [-88.0428422, 42.2665819], [-88.0428085, 42.2665859]], [[-88.0603384, 42.380408], [-88.0602928, 42.3804304], [-88.0602714, 42.3804561], [-88.0591087, 42.3808109], [-88.0580755, 42.381143], [-88.0570336, 42.3814586], [-88.0557417, 42.3818343]], [[-88.0624564, 42.379735], [-88.0623785, 42.3797578], [-88.062349, 42.3797825], [-88.0622698, 42.3798315], [-88.0621851, 42.3798735], [-88.0619435, 42.3799483], [-88.0613358, 42.3801348], [-88.0609499, 42.3802508], [-88.0607432, 42.380313], [-88.0606246, 42.3803258], [-88.0605659, 42.3803424]], [[-88.0605659, 42.3803424], [-88.0604358, 42.3803784], [-88.0603384, 42.380408]]]}}, {"type": "Feature", "properties": {"name": "Volo Bog Interpretive Trail", "surface": "unpaved", "distance": "0.4 mi", "network": "foot"}, "geometry": {"type": "MultiLineString", "coordinates": [[[-88.1879587, 42.351244], [-88.187899, 42.3510004], [-88.1878641, 42.3509548], [-88.1878404, 42.350926]], [[-88.1879587, 42.351244], [-88.1876628, 42.3513059], [-88.1875233, 42.3513516], [-88.1874194, 42.3513856], [-88.1873742, 42.3514087], [-88.187287, 42.351452], [-88.1871914, 42.3515018], [-88.1870312, 42.3516293], [-88.1869172, 42.3517431], [-88.1868669, 42.351794], [-88.186834, 42.3518274], [-88.1866584, 42.351841], [-88.1865228, 42.3519116], [-88.1863201, 42.3519828]], [[-88.1878404, 42.350926], [-88.1869698, 42.3506867], [-88.1868512, 42.3505834], [-88.1863575, 42.3508462], [-88.1862478, 42.3510895], [-88.1861133, 42.3511915], [-88.1860054, 42.3511614], [-88.1859647, 42.3511353], [-88.185908, 42.3510973], [-88.1858726, 42.3510843], [-88.1858125, 42.3510908], [-88.1857081, 42.3511287], [-88.1855329, 42.3511994], [-88.1853559, 42.3512817], [-88.1852462, 42.3512922], [-88.1850976, 42.3514034], [-88.1850197, 42.3514217], [-88.1849241, 42.351457], [-88.1848286, 42.3515825], [-88.1849348, 42.3516348], [-88.1850604, 42.3516584], [-88.1852391, 42.3516845], [-88.1855462, 42.3517548], [-88.1856415, 42.3517667], [-88.1857796, 42.3518133], [-88.1859915, 42.3518748], [-88.1861095, 42.3518985], [-88.1863201, 42.3519828]]]}}, {"type": "Feature", "properties": {"name": "Fox River Forest Preserve Preserve Trail", "surface": "compacted", "distance": "0.4 mi", "network": "foot"}, "geometry": {"type": "MultiLineString", "coordinates": [[[-88.1963485, 42.2457581], [-88.1963381, 42.2455689], [-88.1963036, 42.2455145], [-88.196244, 42.2454587], [-88.1961614, 42.24541], [-88.1960519, 42.2453742], [-88.1959211, 42.2453512], [-88.1958077, 42.2453382], [-88.1956827, 42.2453266], [-88.1955345, 42.2453221], [-88.1954172, 42.2453291], [-88.1952575, 42.2453346], [-88.1950959, 42.2453402], [-88.1949478, 42.2453428], [-88.194869, 42.2453399], [-88.1947882, 42.2453355], [-88.1946574, 42.2453182], [-88.1945286, 42.2452923], [-88.1943902, 42.245255], [-88.1942556, 42.2452177], [-88.1941134, 42.2451732], [-88.1939577, 42.2451173], [-88.1938155, 42.2450628], [-88.1937309, 42.2450269], [-88.1936483, 42.244974], [-88.1935504, 42.2448881], [-88.1934737, 42.2447994], [-88.1934219, 42.2447379], [-88.1933566, 42.2446892], [-88.1932701, 42.2446533], [-88.1932009, 42.2446075], [-88.1929955, 42.2444286], [-88.1929322, 42.2443714], [-88.19289, 42.2443099], [-88.1928402, 42.2442012], [-88.1927904, 42.2440939], [-88.1927464, 42.2440181], [-88.1927061, 42.2439538], [-88.1926505, 42.2438865], [-88.1925679, 42.2438121], [-88.1924815, 42.2437534], [-88.1923586, 42.2436818], [-88.1921818, 42.2435887], [-88.1921011, 42.2435428], [-88.1918918, 42.2434025], [-88.1917862, 42.2433152], [-88.191694, 42.2432293], [-88.1916173, 42.2431606], [-88.1915347, 42.2431062], [-88.1914405, 42.2430575], [-88.1913272, 42.2430059], [-88.1912215, 42.2429615], [-88.19111, 42.2429099], [-88.1909967, 42.2428512], [-88.1909141, 42.242801], [-88.190818, 42.2427423], [-88.1907431, 42.2426879], [-88.1906683, 42.2426249], [-88.1906011, 42.242552]]]}}, {"type": "Feature", "properties": {"name": "West Loop (0.38mi)", "surface": "unpaved", "distance": "0.4 mi", "network": "foot"}, "geometry": {"type": "MultiLineString", "coordinates": [[[-88.2383903, 42.2387929], [-88.2384635, 42.2388862], [-88.238496, 42.2389825], [-88.2385976, 42.2389825], [-88.2385976, 42.2387809], [-88.2389554, 42.238817], [-88.2391058, 42.238826], [-88.2391546, 42.238811], [-88.2391587, 42.2387748], [-88.2391343, 42.2387267], [-88.2390082, 42.2386996], [-88.2390245, 42.2385461], [-88.2390611, 42.2383896], [-88.23924, 42.2381247], [-88.2392196, 42.2374926], [-88.2386708, 42.2371615], [-88.2387115, 42.2369207], [-88.2386789, 42.2368515], [-88.2386017, 42.2368214], [-88.2385082, 42.2368244], [-88.2384309, 42.237008], [-88.2381464, 42.2377154], [-88.2381301, 42.2380555], [-88.2381667, 42.2383565], [-88.2381992, 42.238525], [-88.238313, 42.2386936], [-88.2383903, 42.2387929]]]}}, {"type": "Feature", "properties": {"name": "Constance\u2019s Story Trail", "surface": "unpaved", "distance": "0.4 mi", "network": "foot"}, "geometry": {"type": "MultiLineString", "coordinates": [[[-87.8409279, 42.2059801], [-87.8408916, 42.2059645], [-87.8408759, 42.2059225], [-87.8408586, 42.2058319], [-87.8408473, 42.2058113], [-87.8408158, 42.2057743], [-87.8407529, 42.2057112], [-87.8406583, 42.2055503], [-87.8406476, 42.2055344], [-87.8406158, 42.2055167], [-87.8406239, 42.2054608], [-87.8406288, 42.205428], [-87.8406409, 42.2053712], [-87.8406307, 42.2053432], [-87.8405907, 42.2053209], [-87.8405284, 42.2053102], [-87.840414, 42.2052985], [-87.8402966, 42.2052806], [-87.8401873, 42.2052332], [-87.8400748, 42.2051475], [-87.8399678, 42.2050895], [-87.8398989, 42.2050587], [-87.8397074, 42.2049867], [-87.8396483, 42.2049728], [-87.8395611, 42.2049687], [-87.8394649, 42.2049491], [-87.8393805, 42.2049254], [-87.8393446, 42.2049098], [-87.8393117, 42.2048881], [-87.8392949, 42.2048415], [-87.8392682, 42.2047565], [-87.8392219, 42.2046807], [-87.8391958, 42.2046053], [-87.8392098, 42.2044909], [-87.8392599, 42.2044097], [-87.8393278, 42.2043332], [-87.8393445, 42.2042525], [-87.8393421, 42.2041975]], [[-87.8420809, 42.2052002], [-87.842041, 42.2051137], [-87.8420319, 42.2050616], [-87.8419932, 42.2050153], [-87.8418711, 42.2049564], [-87.8417754, 42.2049283], [-87.8417149, 42.2048976], [-87.8416543, 42.2048352], [-87.8416039, 42.204782], [-87.8415217, 42.2047459], [-87.8414588, 42.204676], [-87.8414328, 42.2046052], [-87.8414167, 42.2045637], [-87.8413897, 42.2045238], [-87.8413787, 42.204487], [-87.8413848, 42.2044444], [-87.8413889, 42.2044218], [-87.8414039, 42.2044068], [-87.8414094, 42.2043698], [-87.8413897, 42.2043311], [-87.8413541, 42.2043057], [-87.8413212, 42.2042991], [-87.8412732, 42.2042935], [-87.8412261, 42.2042887], [-87.841147, 42.204268], [-87.8410869, 42.2042371], [-87.840981, 42.2041803], [-87.8408347, 42.2041288], [-87.8406872, 42.2041017], [-87.8405574, 42.2041261], [-87.8404147, 42.204145], [-87.840266, 42.2041594], [-87.8401901, 42.2041703], [-87.8401185, 42.2041915], [-87.8400036, 42.204234], [-87.8399186, 42.2042582], [-87.8398449, 42.2042446], [-87.8397743, 42.2042296], [-87.8397337, 42.2042081], [-87.8396479, 42.2041713], [-87.8395861, 42.2041496], [-87.8394889, 42.2041294], [-87.8394113, 42.204141], [-87.8393421, 42.2041975]]]}}, {"type": "Feature", "properties": {"name": "Weschester Park", "surface": "asphalt", "distance": "0.3 mi", "network": "foot"}, "geometry": {"type": "MultiLineString", "coordinates": [[[-87.9621006, 42.1764683], [-87.962076, 42.1766113], [-87.9620721, 42.1768787], [-87.9620441, 42.1770883], [-87.9620388, 42.1771976], [-87.9620119, 42.1772691], [-87.9619771, 42.1773248], [-87.9619637, 42.1773665], [-87.961961, 42.1775395], [-87.9619556, 42.1775872], [-87.9619368, 42.177611], [-87.9618752, 42.1776269], [-87.961851, 42.1776528], [-87.9618027, 42.1778933], [-87.9618054, 42.1779489], [-87.9618242, 42.1779986], [-87.9618993, 42.1780821], [-87.9619824, 42.1781835], [-87.9620361, 42.1782252], [-87.9620522, 42.1782481], [-87.962126, 42.1782466], [-87.9621917, 42.1782749], [-87.9622748, 42.1783286], [-87.9624035, 42.178422], [-87.9624652, 42.1784578], [-87.9625323, 42.1785214], [-87.9626745, 42.1786267], [-87.9628059, 42.1787062], [-87.9629373, 42.1787619], [-87.9631921, 42.1788792], [-87.963337, 42.1789567], [-87.9634255, 42.1789865], [-87.9634925, 42.1790103], [-87.9636937, 42.1790203], [-87.9639324, 42.1790302], [-87.9640316, 42.1790461], [-87.9641309, 42.17906], [-87.9642248, 42.179058], [-87.9643589, 42.1790402], [-87.9645869, 42.1790123], [-87.9650597, 42.1790163]]]}}, {"type": "Feature", "properties": {"name": "McDonald Lake Trail", "surface": "fine_gravel", "distance": "0.3 mi", "network": "foot"}, "geometry": {"type": "MultiLineString", "coordinates": [[[-88.0173934, 42.4195116], [-88.0174003, 42.41962]], [[-88.0184268, 42.4227169], [-88.0184234, 42.4229815], [-88.0183784, 42.4230704], [-88.0183098, 42.4231644], [-88.0182594, 42.4232203], [-88.0181796, 42.423309], [-88.0180238, 42.4234182], [-88.0179229, 42.4235303], [-88.0178387, 42.4236893], [-88.0176963, 42.4239241], [-88.0175377, 42.4240904], [-88.0173555, 42.4242075], [-88.0171408, 42.4243151], [-88.0170382, 42.4243666], [-88.0166738, 42.4244953], [-88.0164329, 42.4245546], [-88.0161626, 42.4245878], [-88.0156689, 42.4245864], [-88.0153712, 42.4246066], [-88.0151244, 42.42465], [-88.0150314, 42.4246775], [-88.0150068, 42.4246847], [-88.0148011, 42.4247744]], [[-88.0150314, 42.4246775], [-88.0149726, 42.4246605], [-88.0149325, 42.4246381], [-88.0148953, 42.4246048], [-88.0148682, 42.4245564]]]}}, {"type": "Feature", "properties": {"name": "Prairie Alley Footpath", "surface": "asphalt", "distance": "0.3 mi", "network": "foot"}, "geometry": {"type": "MultiLineString", "coordinates": [[[-87.9517316, 42.2780422], [-87.9517753, 42.2783877], [-87.9520018, 42.2793985], [-87.9520794, 42.2798314], [-87.9520301, 42.2798751], [-87.9520655, 42.2801631], [-87.9521434, 42.280624], [-87.9523204, 42.2814566], [-87.9529171, 42.2813791]]]}}, {"type": "Feature", "properties": {"name": "Pine Dunes Yellow Loop", "surface": "gravel", "distance": "0.3 mi", "network": "foot"}, "geometry": {"type": "MultiLineString", "coordinates": [[[-87.9694619, 42.4847155], [-87.9695998, 42.4848122], [-87.9697258, 42.4848914], [-87.9698589, 42.4849757], [-87.9700341, 42.485055], [-87.9701103, 42.4850781], [-87.9702325, 42.4851152], [-87.970466, 42.4851669], [-87.9706085, 42.4852013], [-87.9707206, 42.4852736], [-87.9707743, 42.4853597], [-87.9707766, 42.4854613], [-87.9707159, 42.4855646], [-87.9706388, 42.4856439], [-87.9702372, 42.4859452], [-87.9700878, 42.4860192], [-87.9698473, 42.4861071], [-87.9695577, 42.486231], [-87.9693896, 42.4863326], [-87.9692285, 42.486491], [-87.9691211, 42.4866254], [-87.9689903, 42.4867889], [-87.9689646, 42.4868905], [-87.9690113, 42.4869697], [-87.9691047, 42.4870644], [-87.9692705, 42.4871832], [-87.9693222, 42.4872504]]]}}, {"type": "Feature", "properties": {"name": "Green Trail", "surface": "gravel", "distance": "0.3 mi", "network": "foot"}, "geometry": {"type": "MultiLineString", "coordinates": [[[-87.9315783, 42.2128893], [-87.9315963, 42.2127763], [-87.9316455, 42.2127216], [-87.9318601, 42.2125881], [-87.9319837, 42.2125662], [-87.9321004, 42.2125626], [-87.9322573, 42.212606], [-87.9324008, 42.2126707], [-87.9325467, 42.212836], [-87.9327184, 42.212925], [-87.932912, 42.2129288]], [[-87.9314189, 42.213688], [-87.9315511, 42.2138023], [-87.9318257, 42.2138976], [-87.9320231, 42.213904], [-87.9322291, 42.2138277], [-87.9324266, 42.2137641], [-87.9325038, 42.2137959], [-87.9324866, 42.2139231], [-87.9322721, 42.2141583], [-87.9322721, 42.2142918], [-87.9323402, 42.2145055], [-87.9323677, 42.2145293], [-87.9323904, 42.214549], [-87.9326041, 42.2146207], [-87.9327238, 42.2146458], [-87.9328187, 42.2146576], [-87.9329025, 42.2146631], [-87.9330332, 42.2146201], [-87.9332703, 42.214542]]]}}, {"type": "Feature", "properties": {"name": "Medela/Follet Footpath", "surface": "gravel", "distance": "0.2 mi", "network": "foot"}, "geometry": {"type": "MultiLineString", "coordinates": [[[-88.2893676, 42.3121515], [-88.2890781, 42.3121925], [-88.2891121, 42.3132126], [-88.2891306, 42.3135066], [-88.2890287, 42.3136296], [-88.2888731, 42.3136454], [-88.2879719, 42.3136613], [-88.2870385, 42.3136732], [-88.28684, 42.3136573]]]}}, {"type": "Feature", "properties": {"name": "Oak Ridge March Trail", "surface": "gravel", "distance": "0.2 mi", "network": "foot"}, "geometry": {"type": "MultiLineString", "coordinates": [[[-88.0931851, 42.2049066], [-88.0930049, 42.2049041], [-88.0927644, 42.2047554], [-88.0926302, 42.2047216], [-88.0924648, 42.204863], [-88.0922894, 42.2049325], [-88.0921346, 42.2050821], [-88.0921016, 42.2053928], [-88.0921934, 42.2056977], [-88.0924308, 42.2058174], [-88.0929659, 42.2058465], [-88.0931928, 42.2057278], [-88.093333, 42.2056517], [-88.0934155, 42.2055088], [-88.0932961, 42.2052214], [-88.0932985, 42.2050275]]]}}, {"type": "Feature", "properties": {"name": "Avalon Path", "surface": "gravel", "distance": "0.2 mi", "network": "foot"}, "geometry": {"type": "MultiLineString", "coordinates": [[[-87.9552632, 42.1850134], [-87.9549383, 42.1850975], [-87.9546804, 42.1850249], [-87.9544381, 42.1848758], [-87.954237, 42.1847306], [-87.9539791, 42.1846695], [-87.9534428, 42.1845892], [-87.953056, 42.1845396], [-87.9527467, 42.1845808], [-87.9526125, 42.1846427], [-87.9523745, 42.1848326], [-87.9523283, 42.1850245], [-87.9523308, 42.185166], [-87.9523196, 42.1852338], [-87.9523764, 42.1854289]]]}}, {"type": "Feature", "properties": {"name": "Brown Trail", "surface": "grass", "distance": "0.2 mi", "network": "foot"}, "geometry": {"type": "MultiLineString", "coordinates": [[[-88.2980112, 42.1502887], [-88.297951, 42.1502849], [-88.2978666, 42.1502987], [-88.2978064, 42.1503334], [-88.2977748, 42.1503691], [-88.2977396, 42.1503956], [-88.2977044, 42.1504134], [-88.2976302, 42.1504296], [-88.2975806, 42.1504299], [-88.2975245, 42.1504093], [-88.2974569, 42.1503873], [-88.2973646, 42.1503808], [-88.2972631, 42.1503694], [-88.2971542, 42.1503371], [-88.2970814, 42.1503265], [-88.2970154, 42.1503239], [-88.2969725, 42.1503213]], [[-88.2982756, 42.1504872], [-88.2982435, 42.1504614], [-88.2982066, 42.1504239], [-88.2981364, 42.1503779], [-88.2980998, 42.1503499], [-88.2980492, 42.1503203], [-88.2980112, 42.1502887]], [[-88.2995497, 42.1502007], [-88.29949, 42.1501964], [-88.2994331, 42.1501822], [-88.2993935, 42.1501542], [-88.2993491, 42.1501396], [-88.2993016, 42.1501365], [-88.2992505, 42.1501412], [-88.299212, 42.1501542], [-88.2991589, 42.1501804], [-88.299044, 42.1502211], [-88.2989936, 42.1502157], [-88.298946, 42.1502031], [-88.2989102, 42.150208], [-88.29888, 42.1502074], [-88.2988056, 42.1502172], [-88.2987637, 42.1502074], [-88.2987329, 42.1502086], [-88.2987046, 42.1502162], [-88.2986272, 42.150276], [-88.2985591, 42.1502867], [-88.2985041, 42.1503139], [-88.29848, 42.1503362], [-88.2984552, 42.1503796], [-88.2984251, 42.1504021], [-88.2983839, 42.1504239], [-88.2983492, 42.150439], [-88.2983189, 42.1504631], [-88.2982756, 42.1504872]], [[-88.3, 42.15034682918919], [-88.2999754, 42.1503699], [-88.2999305, 42.150404], [-88.2999137, 42.1504231], [-88.2998846, 42.1504322], [-88.2998442, 42.1504264], [-88.2997052, 42.1503832], [-88.2996671, 42.1503557], [-88.2996379, 42.15032], [-88.2996155, 42.1503042], [-88.2995404, 42.1503025], [-88.299491, 42.1502876], [-88.2995497, 42.1502007]]]}}, {"type": "Feature", "properties": {"name": "Jamee Field Riverwalk Trail", "surface": "unpaved", "distance": "0.2 mi", "network": "foot"}, "geometry": {"type": "MultiLineString", "coordinates": [[[-87.853733, 42.2592733], [-87.8537211, 42.2591625], [-87.8537123, 42.259045], [-87.853727, 42.2588818], [-87.8537417, 42.2587186], [-87.8537505, 42.258599], [-87.8537535, 42.2584445], [-87.8537535, 42.2582661], [-87.8537476, 42.2580855], [-87.8537476, 42.2579615], [-87.8537447, 42.2578027], [-87.8537211, 42.2576895], [-87.8536506, 42.2575416], [-87.8535827, 42.2574083], [-87.8535769, 42.2573016], [-87.8535942, 42.2571842], [-87.8536086, 42.2570539], [-87.8535837, 42.2569337], [-87.8535601, 42.2568262], [-87.8535162, 42.2567262], [-87.853479, 42.2566411], [-87.8534655, 42.2565711]]]}}, {"type": "Feature", "properties": {"name": "Green Bay Trail", "surface": "gravel", "distance": "0.2 mi", "network": "foot"}, "geometry": {"type": "MultiLineString", "coordinates": [[[-87.7719708, 42.1522978], [-87.7709291, 42.1510364], [-87.77005495764234, 42.15]]]}}, {"type": "Feature", "properties": {"name": "Lower Paved Trail (0.25 mi)", "surface": "asphalt", "distance": "0.2 mi", "network": "foot"}, "geometry": {"type": "MultiLineString", "coordinates": [[[-88.2596934, 42.1936925], [-88.2595501, 42.1934653], [-88.2594094, 42.1932422], [-88.2593517, 42.1931577], [-88.2593504, 42.193115], [-88.2594335, 42.1930325], [-88.2594666, 42.1930054], [-88.2595076, 42.1929652], [-88.2595515, 42.1929252], [-88.2596588, 42.1925546], [-88.2597351, 42.1924083], [-88.2597813, 42.1923197], [-88.2598016, 42.1922203], [-88.2597935, 42.1921254], [-88.2597528, 42.1920651], [-88.2596837, 42.1920169], [-88.2595028, 42.1918739], [-88.2594438, 42.1917639], [-88.2594072, 42.1916434], [-88.2594072, 42.1915727], [-88.2594052, 42.1914446], [-88.2593586, 42.191408], [-88.2593295, 42.1913851]]]}}, {"type": "Feature", "properties": {"name": "Whispering Oaks Trail Path", "surface": "asphalt", "distance": "0.2 mi", "network": "foot"}, "geometry": {"type": "MultiLineString", "coordinates": [[[-88.2891285, 42.3428948], [-88.2887534, 42.3430261], [-88.2882635, 42.3430892], [-88.2880805, 42.3429976], [-88.2878549, 42.3426911], [-88.2877044, 42.3424813]], [[-88.2882635, 42.3430892], [-88.2881768, 42.3431752], [-88.2881916, 42.343704]], [[-88.2911692, 42.3450794], [-88.2914212, 42.3453209], [-88.2915984, 42.3454437]]]}}, {"type": "Feature", "properties": {"name": "Spinnerrun Drive", "surface": "paved", "distance": "0.2 mi", "network": "foot"}, "geometry": {"type": "MultiLineString", "coordinates": [[[-87.9438816, 42.348308], [-87.9438964, 42.3482942], [-87.9438534, 42.3482961], [-87.9438172, 42.3482942], [-87.943781, 42.3482813], [-87.9437582, 42.3482674], [-87.9437475, 42.3482515], [-87.9437314, 42.3482238], [-87.9437247, 42.3481921], [-87.9437301, 42.3481663], [-87.9437368, 42.3481346], [-87.9437455, 42.3481162], [-87.9437562, 42.3480964], [-87.9437676, 42.3480731], [-87.943771, 42.3480479], [-87.9437636, 42.3480038], [-87.9437569, 42.3479705], [-87.9437482, 42.3479463], [-87.9437213, 42.3479225], [-87.9436422, 42.3478699], [-87.943551, 42.3478219], [-87.9434706, 42.3477817], [-87.9434082, 42.3477515], [-87.9433512, 42.3477292], [-87.9433049, 42.3477233], [-87.9432453, 42.3477033], [-87.9432043, 42.3476896], [-87.9431815, 42.3476896], [-87.9431507, 42.3476915], [-87.9431292, 42.3477005], [-87.9431078, 42.3477074], [-87.943081, 42.3477084], [-87.9430515, 42.3477064], [-87.9430313, 42.3477034], [-87.9430085, 42.3477005], [-87.9429723, 42.3476975], [-87.9429356, 42.3477123], [-87.9427886, 42.3477718], [-87.9428369, 42.3478065], [-87.942865, 42.3478214], [-87.9429053, 42.3478402], [-87.9429348, 42.3478521], [-87.942975, 42.347865], [-87.9430166, 42.3478759], [-87.9430568, 42.3478848], [-87.9431238, 42.347918], [-87.9431708, 42.3479413], [-87.9432204, 42.3479492], [-87.9432473, 42.347974], [-87.9432768, 42.3479958], [-87.9433022, 42.3480285], [-87.9433291, 42.3480593], [-87.9433519, 42.348092], [-87.9433827, 42.3481276], [-87.9434256, 42.3481564], [-87.9434632, 42.3481812], [-87.9435007, 42.3481941], [-87.9435329, 42.3482159], [-87.9435664, 42.3482456], [-87.9435986, 42.3482753], [-87.9436147, 42.3482714], [-87.9436362, 42.3482981], [-87.9437164, 42.3483013], [-87.9438816, 42.348308]]]}}, {"type": "Feature", "properties": {"name": "Fox River Preserve", "surface": "compacted", "distance": "0.2 mi", "network": "foot"}, "geometry": {"type": "MultiLineString", "coordinates": [[[-88.1845129, 42.2376729], [-88.1845282, 42.237669], [-88.1846274, 42.2376804], [-88.1848044, 42.237728], [-88.1848929, 42.2377763], [-88.1849868, 42.2378591], [-88.1852846, 42.2382171], [-88.185357, 42.238288], [-88.1855715, 42.2383873], [-88.1859819, 42.2385706], [-88.1860678, 42.2386421], [-88.186116, 42.2387056], [-88.1861455, 42.2388202], [-88.18615, 42.238834], [-88.1861646, 42.2388789]], [[-88.1844225, 42.2375864], [-88.1843645, 42.2376959]], [[-88.1906011, 42.242552], [-88.1905665, 42.2425334], [-88.1905358, 42.2425104], [-88.1904628, 42.2424746], [-88.1904247, 42.2424612]], [[-88.1906011, 42.242552], [-88.1906147, 42.2425148], [-88.190632, 42.2424806], [-88.1906604, 42.2424459], [-88.1906884, 42.2424291]]]}}, {"type": "Feature", "properties": {"name": "Kenny's Path", "surface": "paved", "distance": "0.1 mi", "network": "foot"}, "geometry": {"type": "MultiLineString", "coordinates": [[[-88.1346422, 42.2720617], [-88.1345995, 42.2701372], [-88.1346021, 42.2699468]]]}}, {"type": "Feature", "properties": {"name": "Follet Employee Footpath", "surface": "gravel", "distance": "0.1 mi", "network": "foot"}, "geometry": {"type": "MultiLineString", "coordinates": [[[-88.2887988, 42.3096553], [-88.288704, 42.3096515], [-88.2886298, 42.3095966], [-88.2885632, 42.3094772], [-88.2884761, 42.3093996], [-88.2882738, 42.30932], [-88.2881099, 42.3092784], [-88.2880151, 42.3092443], [-88.287864, 42.309106], [-88.2877692, 42.3089545], [-88.2877641, 42.3088541], [-88.2877641, 42.3087178], [-88.2878742, 42.3086287], [-88.2880458, 42.308498], [-88.288138, 42.3084071], [-88.2882046, 42.308303], [-88.2882046, 42.3082007], [-88.2882123, 42.3081344]]]}}, {"type": "Feature", "properties": {"name": "North Branch Blue Paved Trail", "surface": "asphalt", "distance": "0.1 mi", "network": "foot"}, "geometry": {"type": "MultiLineString", "coordinates": [[[-87.7726327, 42.1523425], [-87.7725807, 42.1522193]], [[-87.7858983, 42.1516017], [-87.7858457, 42.1515299], [-87.7857961, 42.1514502], [-87.7857628, 42.1513871], [-87.7857237, 42.1512845], [-87.7857103, 42.1512269], [-87.7856998, 42.1511291], [-87.785698, 42.1510594], [-87.7857097, 42.1509863], [-87.785726, 42.1509075], [-87.7857541, 42.1508435], [-87.7857868, 42.1507738], [-87.7858218, 42.1507227], [-87.7859093, 42.1506081], [-87.7860098, 42.1504904], [-87.7860705, 42.1504194], [-87.7861866, 42.1502804], [-87.7862619, 42.1501826], [-87.7863209, 42.1500991], [-87.7863693, 42.1500238], [-87.78638271346634, 42.15]]]}}, {"type": "Feature", "properties": {"name": "Doug Dusthminer Drive", "surface": "paved", "distance": "0.1 mi", "network": "foot"}, "geometry": {"type": "MultiLineString", "coordinates": [[[-87.9475762, 42.2224696], [-87.9473684, 42.2225951], [-87.9473217, 42.2226954], [-87.9472984, 42.2228164], [-87.9473124, 42.2230274], [-87.9473684, 42.2231553], [-87.9473998, 42.2232146]], [[-87.9504484, 42.2233181], [-87.9502918, 42.2232937], [-87.9490636, 42.2232902]]]}}, {"type": "Feature", "properties": {"name": "Footpath", "surface": "asphalt", "distance": "0.1 mi", "network": "foot"}, "geometry": {"type": "MultiLineString", "coordinates": [[[-87.9974234, 42.2453537], [-87.9975091, 42.2453503], [-87.9978161, 42.245338], [-87.9979081, 42.2453537], [-87.9980001, 42.2453852], [-87.9979576, 42.2455476], [-87.9979612, 42.2461502], [-87.9980744, 42.2463467], [-87.9979311, 42.246591], [-87.997894, 42.246756]]]}}, {"type": "Feature", "properties": {"name": "Dead End", "surface": "gravel", "distance": "0.1 mi", "network": "foot"}, "geometry": {"type": "MultiLineString", "coordinates": [[[-87.8010048, 42.4587243], [-87.8009893, 42.4569767]]]}}, {"type": "Feature", "properties": {"name": "Weiland Road", "surface": "concrete", "distance": "0.1 mi", "network": "foot"}, "geometry": {"type": "MultiLineString", "coordinates": [[[-87.9496168, 42.1730812], [-87.9496221, 42.172946], [-87.9496649, 42.1726106], [-87.9496745, 42.172448], [-87.9497214, 42.1717851], [-87.9497294, 42.1717354], [-87.9497589, 42.1716936], [-87.9497965, 42.1716499]]]}}, {"type": "Feature", "properties": {"name": "Des Plaines River Trail Black Unpaved Spur (North)", "surface": "unpaved", "distance": "0.1 mi", "network": "foot"}, "geometry": {"type": "MultiLineString", "coordinates": [[[-87.9110844, 42.150919], [-87.9110067, 42.1509282], [-87.9108024, 42.1509521], [-87.9107464, 42.1508033], [-87.9105806, 42.1503826], [-87.91038403764101, 42.15]]]}}, {"type": "Feature", "properties": {"name": "Lake Overlook Trail", "surface": "asphalt", "distance": "0.1 mi", "network": "foot"}, "geometry": {"type": "MultiLineString", "coordinates": [[[-87.8102842, 42.2236061], [-87.8103373, 42.2237009], [-87.8103777, 42.2238666], [-87.8103624, 42.2239405]], [[-87.8103821, 42.2229645], [-87.8103887, 42.2229881], [-87.8104106, 42.2230668], [-87.8104004, 42.2231391], [-87.8103496, 42.2232324], [-87.8102866, 42.2232987], [-87.8102177, 42.2233353]], [[-87.8105987, 42.2250289], [-87.8106161, 42.2250586], [-87.8106219, 42.2250958], [-87.8106143, 42.2251209], [-87.8105941, 42.2251328], [-87.8105635, 42.2251336], [-87.8105363, 42.2251214], [-87.8105191, 42.2251061], [-87.8105052, 42.2250856], [-87.8104984, 42.2250688], [-87.8104969, 42.2250497], [-87.8104997, 42.2250271], [-87.8105134, 42.2250139], [-87.8105401, 42.2250116], [-87.8105654, 42.225016], [-87.8105987, 42.2250289]]]}}, {"type": "Feature", "properties": {"name": "Libertyville Branch", "surface": "", "distance": "0.1 mi", "network": "foot"}, "geometry": {"type": "MultiLineString", "coordinates": [[[-87.8464961, 42.2789643], [-87.8464941, 42.2789039], [-87.8464955, 42.2787174], [-87.8465049, 42.2782593], [-87.8465047, 42.278183], [-87.8464969, 42.2780839]]]}}]}